Array,	Recursion, 	Time (millisec)
20000,	 2,		18805771000
20000,	 4,		22583709000
20000,	 6,		9520659000
20000,	 8,		12125442000
20000,	 10,		11842643000
20000,	 12,		7279779000
20000,	 14,		6028340000
20000,	 16,		5295602000
20000,	 18,		4972958000
20000,	 20,		5797729000
20000,	 22,		5064285000
20000,	 24,		4939812000
20000,	 26,		4957795000
20000,	 28,		4828032000
20000,	 30,		5025851000
20000,	 32,		4972958000
20000,	 34,		5313586000
20000,	 36,		7073850000
20000,	 38,		4895734000
20000,	 40,		6305498000
20000,	 42,		9193431000
20000,	 44,		5010335000
20000,	 46,		5125288000
20000,	 48,		16321583000
20000,	 50,		6809035000
20000,	 52,		8130290000
20000,	 54,		9163459000
20000,	 56,		4853773000
20000,	 58,		4814985000
20000,	 60,		5088616000
20000,	 62,		5532914000
20000,	 64,		9910654000
20000,	 66,		16083568000
20000,	 68,		31944986000
20000,	 70,		9258665000
20000,	 72,		8852450000
20000,	 74,		8321056000
20000,	 76,		8645111000
20000,	 78,		9877155000
20000,	 80,		10220252000
20000,	 82,		16727094000
20000,	 84,		10131745000
20000,	 86,		8091503000
20000,	 88,		7908142000
20000,	 90,		7746643000
20000,	 92,		7890158000
20000,	 94,		7902853000
20000,	 96,		8012517000
20000,	 98,		8089034000
20000,	 100,		9736108000
20000,	 102,		8812957000
20000,	 104,		8540384000
20000,	 106,		18677066000
20000,	 108,		11275634000
20000,	 110,		12889210000
20000,	 112,		9897607000
20000,	 114,		15995413000
20000,	 116,		11999557000
20000,	 118,		13428361000
20000,	 120,		7869002000
20000,	 122,		8799911000
20000,	 124,		8093265000
20000,	 126,		8096439000
20000,	 128,		14556030000
20000,	 130,		11369430000
20000,	 132,		7967734000
20000,	 134,		7995944000
20000,	 136,		6305145000
20000,	 138,		3453178000
20000,	 140,		3484209000
20000,	 142,		3665101000
20000,	 144,		3804738000
20000,	 146,		3689785000
20000,	 148,		3583295000
20000,	 150,		3641476000
20000,	 152,		3181663000
20000,	 154,		2494060000
20000,	 156,		2408022000
20000,	 158,		2384749000
20000,	 160,		2413663000
20000,	 162,		3776176000
20000,	 164,		3544153000
20000,	 166,		3348099000
20000,	 168,		2901685000
20000,	 170,		3493025000
20000,	 172,		3175316000
20000,	 174,		3923217000
20000,	 176,		3787107000
20000,	 178,		3813201000
20000,	 180,		4731415000
20000,	 182,		2968682000
20000,	 184,		2569168000
20000,	 186,		2599140000
20000,	 188,		3168616000
20000,	 190,		3190831000
20000,	 192,		3279691000
20000,	 194,		4283591000
20000,	 196,		5747305000
20000,	 198,		2734898000
20000,	 200,		3036385000
20000,	 202,		2716914000
20000,	 204,		2739482000
20000,	 206,		2845266000
20000,	 208,		4277597000
20000,	 210,		4905255000
20000,	 212,		4438038000
20000,	 214,		4251503000
20000,	 216,		3919690000
20000,	 218,		2809300000
20000,	 220,		2826931000
20000,	 222,		2833983000
20000,	 224,		4229993000
20000,	 226,		3877377000
20000,	 228,		2828693000
20000,	 230,		2883350000
20000,	 232,		3617145000
20000,	 234,		4499040000
20000,	 236,		3792749000
20000,	 238,		3154511000
20000,	 240,		3666864000
20000,	 242,		3486677000
20000,	 244,		3000066000
20000,	 246,		3095272000
20000,	 248,		3085752000
20000,	 250,		3437311000
20000,	 252,		3022634000
20000,	 254,		3083988000
20000,	 256,		3299085000
20000,	 258,		4358347000
20000,	 260,		6223690000
20000,	 262,		5387636000
20000,	 264,		3658049000
20000,	 266,		3605862000
20000,	 268,		3256418000
20000,	 270,		5032197000
20000,	 272,		4202843000
20000,	 274,		5286435000
20000,	 276,		3457763000
20000,	 278,		5492716000
20000,	 280,		5470148000
20000,	 282,		5063933000
20000,	 284,		6846765000
20000,	 286,		3487030000
20000,	 288,		3417564000
20000,	 290,		3243371000
20000,	 292,		5246941000
20000,	 294,		17230983000
20000,	 296,		13004515000
20000,	 298,		5570643000
20000,	 300,		5400682000
520000,	 2,		129805024000
520000,	 4,		140612735000
520000,	 6,		117288883000
520000,	 8,		103549514000
520000,	 10,		103148588000
520000,	 12,		87502618000
520000,	 14,		83734552000
520000,	 16,		83786387000
520000,	 18,		86539269000
520000,	 20,		82280360000
520000,	 22,		82164349000
520000,	 24,		86978277000
520000,	 26,		82976779000
520000,	 28,		82847721000
520000,	 30,		84920756000
520000,	 32,		92135300000
520000,	 34,		81852284000
520000,	 36,		87730761000
520000,	 38,		85414420000
520000,	 40,		84802982000
520000,	 42,		88069979000
520000,	 44,		84547687000
520000,	 46,		87497681000
520000,	 48,		90109516000
520000,	 50,		91926199000
520000,	 52,		85985660000
520000,	 54,		95324722000
520000,	 56,		85707798000
520000,	 58,		85878817000
520000,	 60,		88862662000
520000,	 62,		86970871000
520000,	 64,		86871081000
520000,	 66,		90578849000
520000,	 68,		87330188000
520000,	 70,		88147907000
520000,	 72,		91101427000
520000,	 74,		87858408000
520000,	 76,		87239919000
520000,	 78,		90806287000
520000,	 80,		87880976000
520000,	 82,		88225836000
520000,	 84,		91850738000
520000,	 86,		89328822000
520000,	 88,		90407124000
520000,	 90,		90827444000
520000,	 92,		92064425000
520000,	 94,		89315422000
520000,	 96,		93503102000
520000,	 98,		91442761000
520000,	 100,		90007609000
520000,	 102,		92469934000
520000,	 104,		90503036000
520000,	 106,		91292194000
520000,	 108,		95440733000
520000,	 110,		92228392000
520000,	 112,		91952292000
520000,	 114,		98960556000
520000,	 116,		95964016000
520000,	 118,		93206551000
520000,	 120,		96430881000
520000,	 122,		94071873000
520000,	 124,		93396964000
520000,	 126,		95389603000
520000,	 128,		94724567000
520000,	 130,		94676964000
520000,	 132,		98917889000
520000,	 134,		98428104000
520000,	 136,		95755972000
520000,	 138,		98076192000
520000,	 140,		96215785000
520000,	 142,		96139267000
520000,	 144,		98448556000
520000,	 146,		97858628000
520000,	 148,		97635421000
520000,	 150,		99921437000
520000,	 152,		98440093000
520000,	 154,		100587530000
520000,	 156,		107577457000
520000,	 158,		100246903000
520000,	 160,		99116060000
520000,	 162,		108349689000
520000,	 164,		100404522000
520000,	 166,		100032511000
520000,	 168,		102775167000
520000,	 170,		100873855000
520000,	 172,		101139376000
520000,	 174,		105928268000
520000,	 176,		108676565000
520000,	 178,		104204676000
520000,	 180,		103011067000
520000,	 182,		102516345000
520000,	 184,		104884169000
520000,	 186,		103303386000
520000,	 188,		105809083000
520000,	 190,		105955420000
520000,	 192,		106683573000
520000,	 194,		109142019000
520000,	 196,		104551651000
520000,	 198,		106876807000
520000,	 200,		105972697000
520000,	 202,		105265700000
520000,	 204,		107829226000
520000,	 206,		106936047000
520000,	 208,		107441347000
520000,	 210,		107376466000
520000,	 212,		109442097000
520000,	 214,		108768951000
520000,	 216,		110461865000
520000,	 218,		111427682000
520000,	 220,		109594780000
520000,	 222,		109429755000
520000,	 224,		111148763000
520000,	 226,		110644520000
520000,	 228,		111895605000
520000,	 230,		112995066000
520000,	 232,		111484807000
520000,	 234,		111906889000
520000,	 236,		113854746000
520000,	 238,		117787836000
520000,	 240,		114921765000
520000,	 242,		112824752000
520000,	 244,		115614305000
520000,	 246,		113265170000
520000,	 248,		114556101000
520000,	 250,		114721126000
520000,	 252,		114738404000
520000,	 254,		115211616000
520000,	 256,		115932718000
520000,	 258,		116833655000
520000,	 260,		117219770000
520000,	 262,		116188013000
520000,	 264,		119956783000
520000,	 266,		116334348000
520000,	 268,		118958524000
520000,	 270,		116989159000
520000,	 272,		119568905000
520000,	 274,		117901731000
520000,	 276,		119067483000
520000,	 278,		119482161000
520000,	 280,		121948364000
520000,	 282,		119705720000
520000,	 284,		121837995000
520000,	 286,		120490998000
520000,	 288,		123425124000
520000,	 290,		120025190000
520000,	 292,		128410776000
520000,	 294,		121305896000
520000,	 296,		125892033000
520000,	 298,		123139152000
520000,	 300,		122008309000
1020000,	 2,		219395840000
1020000,	 4,		249042821000
1020000,	 6,		236877181000
1020000,	 8,		226543387000
1020000,	 10,		222720314000
1020000,	 12,		199548438000
1020000,	 14,		194255305000
1020000,	 16,		198082962000
1020000,	 18,		192625508000
1020000,	 20,		194745090000
1020000,	 22,		193084616000
1020000,	 24,		194512009000
1020000,	 26,		193733079000
1020000,	 28,		194517299000
1020000,	 30,		191816958000
1020000,	 32,		195324792000
1020000,	 34,		192186148000
1020000,	 36,		197225750000
1020000,	 38,		193037012000
1020000,	 40,		193670313000
1020000,	 42,		194153046000
1020000,	 44,		195417530000
1020000,	 46,		194434787000
1020000,	 48,		199588990000
1020000,	 50,		195589960000
1020000,	 52,		197857640000
1020000,	 54,		194510599000
1020000,	 56,		197739161000
1020000,	 58,		197362213000
1020000,	 60,		196846334000
1020000,	 62,		196313177000
1020000,	 64,		198794896000
1020000,	 66,		198698631000
1020000,	 68,		200366158000
1020000,	 70,		196916153000
1020000,	 72,		199187359000
1020000,	 74,		198775855000
1020000,	 76,		199677849000
1020000,	 78,		201554830000
1020000,	 80,		200676108000
1020000,	 82,		200260020000
1020000,	 84,		202047435000
1020000,	 86,		203752338000
1020000,	 88,		204147975000
1020000,	 90,		202177904000
1020000,	 92,		203055568000
1020000,	 94,		205884966000
1020000,	 96,		204463215000
1020000,	 98,		206042586000
1020000,	 100,		207242542000
1020000,	 102,		205647302000
1020000,	 104,		206179401000
1020000,	 106,		208513726000
1020000,	 108,		207840933000
1020000,	 110,		207666740000
1020000,	 112,		210206288000
1020000,	 114,		210684790000
1020000,	 116,		211895677000
1020000,	 118,		212507114000
1020000,	 120,		209813120000
1020000,	 122,		213531113000
1020000,	 124,		210323004000
1020000,	 126,		216897549000
1020000,	 128,		214157362000
1020000,	 130,		220104953000
1020000,	 132,		216470882000
1020000,	 134,		217300943000
1020000,	 136,		216134133000
1020000,	 138,		217717383000
1020000,	 140,		218079168000
1020000,	 142,		218399345000
1020000,	 144,		222692104000
1020000,	 146,		220432534000
1020000,	 148,		219435686000
1020000,	 150,		224897723000
1020000,	 152,		221876148000
1020000,	 154,		221579245000
1020000,	 156,		223486198000
1020000,	 158,		222106759000
1020000,	 160,		225393503000
1020000,	 162,		228970450000
1020000,	 164,		225700279000
1020000,	 166,		224349404000
1020000,	 168,		226843816000
1020000,	 170,		229764190000
1020000,	 172,		227186208000
1020000,	 174,		227800820000
1020000,	 176,		228508522000
1020000,	 178,		230647497000
1020000,	 180,		230791364000
1020000,	 182,		230960620000
1020000,	 184,		232788235000
1020000,	 186,		231997314000
1020000,	 188,		236876829000
1020000,	 190,		232261425000
1020000,	 192,		233689876000
1020000,	 194,		234033325000
1020000,	 196,		238847252000
1020000,	 198,		234077402000
1020000,	 200,		235948388000
1020000,	 202,		235156410000
1020000,	 204,		241993655000
1020000,	 206,		237207231000
1020000,	 208,		238999230000
1020000,	 210,		238631803000
1020000,	 212,		239683660000
1020000,	 214,		240895958000
1020000,	 216,		241129037000
1020000,	 218,		241347307000
1020000,	 220,		242079693000
1020000,	 222,		241203087000
1020000,	 224,		243516607000
1020000,	 226,		242592398000
1020000,	 228,		244380167000
1020000,	 230,		246736000000
1020000,	 232,		244143913000
1020000,	 234,		244890755000
1020000,	 236,		246755395000
1020000,	 238,		249421531000
1020000,	 240,		249466667000
1020000,	 242,		249200088000
1020000,	 244,		249866182000
1020000,	 246,		252472727000
1020000,	 248,		254114511000
1020000,	 250,		250373245000
1020000,	 252,		250510413000
1020000,	 254,		253287977000
1020000,	 256,		253488969000
1020000,	 258,		258345211000
1020000,	 260,		256794754000
1020000,	 262,		255857498000
1020000,	 264,		255697409000
1020000,	 266,		257204494000
1020000,	 268,		260868185000
1020000,	 270,		258645640000
1020000,	 272,		259912593000
1020000,	 274,		258459106000
1020000,	 276,		259087116000
1020000,	 278,		259449607000
1020000,	 280,		261554731000
1020000,	 282,		261870675000
1020000,	 284,		267373264000
1020000,	 286,		263642223000
1020000,	 288,		263384108000
1020000,	 290,		262917949000
1020000,	 292,		268062277000
1020000,	 294,		265238873000
1020000,	 296,		271209737000
1020000,	 298,		265709970000
1020000,	 300,		270735468000
1520000,	 2,		322170654000
1520000,	 4,		329411292000
1520000,	 6,		331284393000
1520000,	 8,		324083954000
1520000,	 10,		324052924000
1520000,	 12,		356997226000
1520000,	 14,		319908263000
1520000,	 16,		320758775000
1520000,	 18,		323040208000
1520000,	 20,		329173981000
1520000,	 22,		318322191000
1520000,	 24,		319047878000
1520000,	 26,		318511547000
1520000,	 28,		319181520000
1520000,	 30,		318466413000
1520000,	 32,		317866963000
1520000,	 34,		321401244000
1520000,	 36,		319353949000
1520000,	 38,		320738324000
1520000,	 40,		319796836000
1520000,	 42,		320130412000
1520000,	 44,		319724549000
1520000,	 46,		319436109000
1520000,	 48,		321041575000
1520000,	 50,		321379381000
1520000,	 52,		318407173000
1520000,	 54,		325223612000
1520000,	 56,		322938301000
1520000,	 58,		326220108000
1520000,	 60,		327568515000
1520000,	 62,		325374532000
1520000,	 64,		323878731000
1520000,	 66,		329197959000
1520000,	 68,		324970786000
1520000,	 70,		325850565000
1520000,	 72,		330681770000
1520000,	 74,		325981386000
1520000,	 76,		327587204000
1520000,	 78,		329372857000
1520000,	 80,		331044614000
1520000,	 82,		332583435000
1520000,	 84,		348795002000
1520000,	 86,		331657815000
1520000,	 88,		332661363000
1520000,	 90,		338290189000
1520000,	 92,		331836591000
1520000,	 94,		334368382000
1520000,	 96,		336137814000
1520000,	 98,		333204393000
1520000,	 100,		337246089000
1520000,	 102,		339435841000
1520000,	 104,		336656161000
1520000,	 106,		341237362000
1520000,	 108,		342027576000
1520000,	 110,		343486000000
1520000,	 112,		341271565000
1520000,	 114,		344972633000
1520000,	 116,		341536381000
1520000,	 118,		345624270000
1520000,	 120,		347279102000
1520000,	 122,		343753989000
1520000,	 124,		346538958000
1520000,	 126,		347558726000
1520000,	 128,		348510440000
1520000,	 130,		349140214000
1520000,	 132,		354556411000
1520000,	 134,		351038352000
1520000,	 136,		349579575000
1520000,	 138,		356404830000
1520000,	 140,		355300786000
1520000,	 142,		352437183000
1520000,	 144,		354594847000
1520000,	 146,		354914317000
1520000,	 148,		356868874000
1520000,	 150,		361652124000
1520000,	 152,		359121391000
1520000,	 154,		359167584000
1520000,	 156,		359790659000
1520000,	 158,		361276939000
1520000,	 160,		379930027000
1520000,	 162,		361922228000
1520000,	 164,		364477291000
1520000,	 166,		366297852000
1520000,	 168,		366388828000
1520000,	 170,		366105676000
1520000,	 172,		366534106000
1520000,	 174,		368896993000
1520000,	 176,		370605070000
1520000,	 178,		369787704000
1520000,	 180,		371496486000
1520000,	 182,		373884055000
1520000,	 184,		371169962000
1520000,	 186,		374796981000
1520000,	 188,		373142149000
1520000,	 190,		374862568000
1520000,	 192,		375859416000
1520000,	 194,		376200396000
1520000,	 196,		377770600000
1520000,	 198,		378317861000
1520000,	 200,		378696925000
1520000,	 202,		382768594000
1520000,	 204,		380097520000
1520000,	 206,		384905453000
1520000,	 208,		382243195000
1520000,	 210,		384136043000
1520000,	 212,		386929475000
1520000,	 214,		387160439000
1520000,	 216,		385639954000
1520000,	 218,		388148472000
1520000,	 220,		388483105000
1520000,	 222,		391073430000
1520000,	 224,		391070609000
1520000,	 226,		392779038000
1520000,	 228,		402566981000
1520000,	 230,		394519556000
1520000,	 232,		395217032000
1520000,	 234,		393112261000
1520000,	 236,		400888171000
1520000,	 238,		399918828000
1520000,	 240,		398294321000
1520000,	 242,		398748491000
1520000,	 244,		403986265000
1520000,	 246,		401415687000
1520000,	 248,		404314551000
1520000,	 250,		403388226000
1520000,	 252,		404733108000
1520000,	 254,		408167597000
1520000,	 256,		406856214000
1520000,	 258,		409544214000
1520000,	 260,		408318870000
1520000,	 262,		413114814000
1520000,	 264,		409460644000
1520000,	 266,		411601029000
1520000,	 268,		414686076000
1520000,	 270,		413322153000
1520000,	 272,		419076158000
1520000,	 274,		414938197000
1520000,	 276,		416404731000
1520000,	 278,		419108246000
1520000,	 280,		421152720000
1520000,	 282,		418627981000
1520000,	 284,		420940796000
1520000,	 286,		422808256000
1520000,	 288,		423473292000
1520000,	 290,		423893258000
1520000,	 292,		427063990000
1520000,	 294,		425753314000
1520000,	 296,		427214911000
1520000,	 298,		426165170000
1520000,	 300,		430931847000
2020000,	 2,		468964060000
2020000,	 4,		467009152000
2020000,	 6,		465880425000
2020000,	 8,		464161417000
2020000,	 10,		511329232000
2020000,	 12,		521308294000
2020000,	 14,		459645450000
2020000,	 16,		455657000000
2020000,	 18,		457987093000
2020000,	 20,		452976757000
2020000,	 22,		454694002000
2020000,	 24,		457310420000
2020000,	 26,		453067380000
2020000,	 28,		450883975000
2020000,	 30,		454430597000
2020000,	 32,		453290939000
2020000,	 34,		455431325000
2020000,	 36,		451767634000
2020000,	 38,		454283204000
2020000,	 40,		452443248000
2020000,	 42,		452790223000
2020000,	 44,		455494443000
2020000,	 46,		455479633000
2020000,	 48,		454966575000
2020000,	 50,		455281462000
2020000,	 52,		457323467000
2020000,	 54,		457092504000
2020000,	 56,		457401044000
2020000,	 58,		459611247000
2020000,	 60,		462541846000
2020000,	 62,		460502663000
2020000,	 64,		462542904000
2020000,	 66,		459781913000
2020000,	 68,		461415941000
2020000,	 70,		461410651000
2020000,	 72,		462890233000
2020000,	 74,		466118089000
2020000,	 76,		465715400000
2020000,	 78,		480155419000
2020000,	 80,		465611731000
2020000,	 82,		470021206000
2020000,	 84,		468274695000
2020000,	 86,		470874187000
2020000,	 88,		479508367000
2020000,	 90,		475154605000
2020000,	 92,		470530738000
2020000,	 94,		473428193000
2020000,	 96,		476691310000
2020000,	 98,		479874736000
2020000,	 100,		480168466000
2020000,	 102,		479720996000
2020000,	 104,		523019896000
2020000,	 106,		485336421000
2020000,	 108,		483919606000
2020000,	 110,		491070679000
2020000,	 112,		482934747000
2020000,	 114,		481764764000
2020000,	 116,		487073412000
2020000,	 118,		487786757000
2020000,	 120,		489922205000
2020000,	 122,		488663715000
2020000,	 124,		489261402000
2020000,	 126,		488898911000
2020000,	 128,		491336200000
2020000,	 130,		492553434000
2020000,	 132,		497437180000
2020000,	 134,		494488948000
2020000,	 136,		498088463000
2020000,	 138,		495522116000
2020000,	 140,		499283130000
2020000,	 142,		499947460000
2020000,	 144,		503201410000
2020000,	 146,		498486920000
2020000,	 148,		505704638000
2020000,	 150,		503286744000
2020000,	 152,		509665585000
2020000,	 154,		504767382000
2020000,	 156,		508713872000
2020000,	 158,		509226930000
2020000,	 160,		511274929000
2020000,	 162,		514557794000
2020000,	 164,		513450224000
2020000,	 166,		514330708000
2020000,	 168,		514713650000
2020000,	 170,		517692207000
2020000,	 172,		518059633000
2020000,	 174,		520458487000
2020000,	 176,		517365330000
2020000,	 178,		523732536000
2020000,	 180,		520351997000
2020000,	 182,		526475191000
2020000,	 184,		525329539000
2020000,	 186,		531699212000
2020000,	 188,		528436799000
2020000,	 190,		529792965000
2020000,	 192,		528377559000
2020000,	 194,		531906199000
2020000,	 196,		531053923000
2020000,	 198,		534578682000
2020000,	 200,		533955256000
2020000,	 202,		534590672000
2020000,	 204,		537765635000
2020000,	 206,		537843211000
2020000,	 208,		545911794000
2020000,	 210,		540055530000
2020000,	 212,		544019651000
2020000,	 214,		540242065000
2020000,	 216,		545042945000
2020000,	 218,		545662846000
2020000,	 220,		574336957000
2020000,	 222,		547078251000
2020000,	 224,		548913975000
2020000,	 226,		555353114000
2020000,	 228,		552498680000
2020000,	 230,		553241997000
2020000,	 232,		556562238000
2020000,	 234,		556716684000
2020000,	 236,		555297049000
2020000,	 238,		559707229000
2020000,	 240,		560010128000
2020000,	 242,		559784452000
2020000,	 244,		564565234000
2020000,	 246,		562771472000
2020000,	 248,		564955934000
2020000,	 250,		564643162000
2020000,	 252,		568400296000
2020000,	 254,		568398886000
2020000,	 256,		570565013000
2020000,	 258,		570437365000
2020000,	 260,		569831922000
2020000,	 262,		575782334000
2020000,	 264,		574021012000
2020000,	 266,		579009837000
2020000,	 268,		578585992000
2020000,	 270,		577100417000
2020000,	 272,		583717980000
2020000,	 274,		579489396000
2020000,	 276,		583453869000
2020000,	 278,		581698895000
2020000,	 280,		583849859000
2020000,	 282,		585026894000
2020000,	 284,		592940325000
2020000,	 286,		589784755000
2020000,	 288,		589087984000
2020000,	 290,		592422684000
2020000,	 292,		601928885000
2020000,	 294,		593973493000
2020000,	 296,		598480644000
2020000,	 298,		595143476000
2020000,	 300,		596894220000
2520000,	 2,		600579420000
2520000,	 4,		599157316000
2520000,	 6,		598860765000
2520000,	 8,		599507464000
2520000,	 10,		589198353000
2520000,	 12,		589703654000
2520000,	 14,		584193660000
2520000,	 16,		586574178000
2520000,	 18,		581990862000
2520000,	 20,		589729747000
2520000,	 22,		584411930000
2520000,	 24,		581486972000
2520000,	 26,		579202013000
2520000,	 28,		581159038000
2520000,	 30,		583857617000
2520000,	 32,		580394564000
2520000,	 34,		579566619000
2520000,	 36,		582620283000
2520000,	 38,		581019402000
2520000,	 40,		581349098000
2520000,	 42,		584515952000
2520000,	 44,		581930564000
2520000,	 46,		588439169000
2520000,	 48,		583914035000
2520000,	 50,		589556965000
2520000,	 52,		582414002000
2520000,	 54,		587303742000
2520000,	 56,		587459246000
2520000,	 58,		587070663000
2520000,	 60,		589548502000
2520000,	 62,		589323533000
2520000,	 64,		591197340000
2520000,	 66,		589794276000
2520000,	 68,		593189626000
2520000,	 70,		596562055000
2520000,	 72,		593792953000
2520000,	 74,		603215585000
2520000,	 76,		596261977000
2520000,	 78,		596962981000
2520000,	 80,		599247233000
2520000,	 82,		599872423000
2520000,	 84,		603849943000
2520000,	 86,		601741646000
2520000,	 88,		608139529000
2520000,	 90,		605764301000
2520000,	 92,		606899728000
2520000,	 94,		608857457000
2520000,	 96,		610808488000
2520000,	 98,		609336311000
2520000,	 100,		611054614000
2520000,	 102,		611156873000
2520000,	 104,		614394250000
2520000,	 106,		617107285000
2520000,	 108,		614110393000
2520000,	 110,		619933158000
2520000,	 112,		619462767000
2520000,	 114,		617015604000
2520000,	 116,		622987526000
2520000,	 118,		622707196000
2520000,	 120,		626350787000
2520000,	 122,		625586666000
2520000,	 124,		625262964000
2520000,	 126,		629798324000
2520000,	 128,		630125553000
2520000,	 130,		629877310000
2520000,	 132,		633035349000
2520000,	 134,		634654919000
2520000,	 136,		632573773000
2520000,	 138,		641466421000
2520000,	 140,		635789287000
2520000,	 142,		639429706000
2520000,	 144,		641863821000
2520000,	 146,		640308780000
2520000,	 148,		644321209000
2520000,	 150,		644198498000
2520000,	 152,		644303578000
2520000,	 154,		648958123000
2520000,	 156,		649072018000
2520000,	 158,		648668624000
2520000,	 160,		650983202000
2520000,	 162,		651467698000
2520000,	 164,		654688149000
2520000,	 166,		658604314000
2520000,	 168,		658782738000
2520000,	 170,		657602176000
2520000,	 172,		662360038000
2520000,	 174,		662292335000
2520000,	 176,		661731674000
2520000,	 178,		664642175000
2520000,	 180,		668528367000
2520000,	 182,		666077326000
2520000,	 184,		677859319000
2520000,	 186,		673631088000
2520000,	 188,		670182493000
2520000,	 190,		673176917000
2520000,	 192,		674397677000
2520000,	 194,		675307429000
2520000,	 196,		680883715000
2520000,	 198,		679825159000
2520000,	 200,		682742712000
2520000,	 202,		680168608000
2520000,	 204,		689155405000
2520000,	 206,		685650391000
2520000,	 208,		687331670000
2520000,	 210,		692855767000
2520000,	 212,		696525101000
2520000,	 214,		690959746000
2520000,	 216,		694097332000
2520000,	 218,		693633289000
2520000,	 220,		694748616000
2520000,	 222,		695767327000
2520000,	 224,		702997738000
2520000,	 226,		699346036000
2520000,	 228,		704433595000
2520000,	 230,		706283776000
2520000,	 232,		707029561000
2520000,	 234,		707772172000
2520000,	 236,		709565936000
2520000,	 238,		710854398000
2520000,	 240,		717400381000
2520000,	 242,		713899951000
2520000,	 244,		715688425000
2520000,	 246,		721389537000
2520000,	 248,		719425108000
2520000,	 250,		721207586000
2520000,	 252,		723197756000
2520000,	 254,		722203024000
2520000,	 256,		726472511000
2520000,	 258,		726361084000
2520000,	 260,		733349954000
2520000,	 262,		728647805000
2520000,	 264,		731085800000
2520000,	 266,		732377083000
2520000,	 268,		745020872000
2520000,	 270,		736190989000
2520000,	 272,		737806680000
2520000,	 274,		744329389000
2520000,	 276,		742693246000
2520000,	 278,		744727846000
2520000,	 280,		744782502000
2520000,	 282,		748038215000
2520000,	 284,		747860496000
2520000,	 286,		748245906000
2520000,	 288,		752194159000
2520000,	 290,		753050313000
2520000,	 292,		754010490000
2520000,	 294,		757437575000
2520000,	 296,		754206192000
2520000,	 298,		760259216000
2520000,	 300,		762643260000
3020000,	 2,		737077821000
3020000,	 4,		740375848000
3020000,	 6,		736517159000
3020000,	 8,		735470592000
3020000,	 10,		728347376000
3020000,	 12,		726912224000
3020000,	 14,		724951673000
3020000,	 16,		724876214000
3020000,	 18,		721528115000
3020000,	 20,		719731884000
3020000,	 22,		722338076000
3020000,	 24,		723919916000
3020000,	 26,		719067554000
3020000,	 28,		718782639000
3020000,	 30,		719272072000
3020000,	 32,		717657791000
3020000,	 34,		716483224000
3020000,	 36,		723093382000
3020000,	 38,		718778055000
3020000,	 40,		722616644000
3020000,	 42,		718461052000
3020000,	 44,		721657879000
3020000,	 46,		724961195000
3020000,	 48,		721345107000
3020000,	 50,		723989734000
3020000,	 52,		727712665000
3020000,	 54,		725085668000
3020000,	 56,		725575453000
3020000,	 58,		727847718000
3020000,	 60,		730107288000
3020000,	 62,		729956720000
3020000,	 64,		730143607000
3020000,	 66,		731191584000
3020000,	 68,		735369039000
3020000,	 70,		735519958000
3020000,	 72,		735403242000
3020000,	 74,		745763131000
3020000,	 76,		737084872000
3020000,	 78,		739596564000
3020000,	 80,		737707595000
3020000,	 82,		745435196000
3020000,	 84,		744903802000
3020000,	 86,		745232794000
3020000,	 88,		746802997000
3020000,	 90,		748904596000
3020000,	 92,		749206436000
3020000,	 94,		751309091000
3020000,	 96,		750227967000
3020000,	 98,		752603901000
3020000,	 100,		756520417000
3020000,	 102,		754170225000
3020000,	 104,		756400175000
3020000,	 106,		758936902000
3020000,	 108,		763615072000
3020000,	 110,		760766279000
3020000,	 112,		762220119000
3020000,	 114,		765747347000
3020000,	 116,		767713539000
3020000,	 118,		767796052000
3020000,	 120,		768474839000
3020000,	 122,		772532051000
3020000,	 124,		770950564000
3020000,	 126,		773758100000
3020000,	 128,		775234508000
3020000,	 130,		778225405000
3020000,	 132,		784757635000
3020000,	 134,		784146903000
3020000,	 136,		782825295000
3020000,	 138,		782901107000
3020000,	 140,		784871531000
3020000,	 142,		787321162000
3020000,	 144,		788375839000
3020000,	 146,		795585446000
3020000,	 148,		791128015000
3020000,	 150,		795020554000
3020000,	 152,		797672940000
3020000,	 154,		798093611000
3020000,	 156,		800944167000
3020000,	 158,		807312078000
3020000,	 160,		805011958000
3020000,	 162,		807059604000
3020000,	 164,		809747956000
3020000,	 166,		812926093000
3020000,	 168,		811413366000
3020000,	 170,		810409819000
3020000,	 172,		818022467000
3020000,	 174,		816021366000
3020000,	 176,		819978081000
3020000,	 178,		818561266000
3020000,	 180,		821484108000
3020000,	 182,		839419974000
3020000,	 184,		826301210000
3020000,	 186,		831459997000
3020000,	 188,		832927236000
3020000,	 190,		831384184000
3020000,	 192,		831731512000
3020000,	 194,		835478067000
3020000,	 196,		838458739000
3020000,	 198,		838928073000
3020000,	 200,		841694353000
3020000,	 202,		841900986000
3020000,	 204,		844269867000
3020000,	 206,		843265967000
3020000,	 208,		845232159000
3020000,	 210,		854036654000
3020000,	 212,		855334637000
3020000,	 214,		850178671000
3020000,	 216,		856037403000
3020000,	 218,		856850537000
3020000,	 220,		858897480000
3020000,	 222,		858167563000
3020000,	 224,		867936111000
3020000,	 226,		862050933000
3020000,	 228,		866444542000
3020000,	 230,		869073654000
3020000,	 232,		869071538000
3020000,	 234,		868995020000
3020000,	 236,		874750083000
3020000,	 238,		881960396000
3020000,	 240,		876236716000
3020000,	 242,		876829466000
3020000,	 244,		884227017000
3020000,	 246,		883011195000
3020000,	 248,		884234775000
3020000,	 250,		886749287000
3020000,	 252,		888285287000
3020000,	 254,		892645044000
3020000,	 256,		891088945000
3020000,	 258,		895373242000
3020000,	 260,		899863467000
3020000,	 262,		897395500000
3020000,	 264,		902310277000
3020000,	 266,		901667808000
3020000,	 268,		904823730000
3020000,	 270,		907456369000
3020000,	 272,		911525569000
3020000,	 274,		907606937000
3020000,	 276,		911736082000
3020000,	 278,		922036377000
3020000,	 280,		918909017000
3020000,	 282,		915907541000
3020000,	 284,		916532026000
3020000,	 286,		920406229000
3020000,	 288,		921212312000
3020000,	 290,		928568960000
3020000,	 292,		927807307000
3020000,	 294,		928890900000
3020000,	 296,		948314455000
3020000,	 298,		946564769000
3020000,	 300,		940151019000
3520000,	 2,		893381661000
3520000,	 4,		896262542000
3520000,	 6,		883264726000
3520000,	 8,		878335139000
3520000,	 10,		874916871000
3520000,	 12,		873010976000
3520000,	 14,		870772210000
3520000,	 16,		867895913000
3520000,	 18,		869533819000
3520000,	 20,		871336750000
3520000,	 22,		866669158000
3520000,	 24,		866874029000
3520000,	 26,		875726479000
3520000,	 28,		862890514000
3520000,	 30,		870762689000
3520000,	 32,		877006479000
3520000,	 34,		862144730000
3520000,	 36,		880499503000
3520000,	 38,		865506933000
3520000,	 40,		868312353000
3520000,	 42,		882830654000
3520000,	 44,		868011571000
3520000,	 46,		868500651000
3520000,	 48,		872198546000
3520000,	 50,		871140695000
3520000,	 52,		877856992000
3520000,	 54,		881523151000
3520000,	 56,		869317664000
3520000,	 58,		885640307000
3520000,	 60,		865865192000
3520000,	 62,		875031471000
3520000,	 64,		875600948000
3520000,	 66,		876146446000
3520000,	 68,		882901178000
3520000,	 70,		878471603000
3520000,	 72,		880915239000
3520000,	 74,		881125046000
3520000,	 76,		886617056000
3520000,	 78,		887869199000
3520000,	 80,		887692890000
3520000,	 82,		888076185000
3520000,	 84,		888446433000
3520000,	 86,		896841538000
3520000,	 88,		890358322000
3520000,	 90,		891378090000
3520000,	 92,		895876778000
3520000,	 94,		899577847000
3520000,	 96,		897876117000
3520000,	 98,		902130442000
3520000,	 100,		900672018000
3520000,	 102,		905199620000
3520000,	 104,		908030782000
3520000,	 106,		908806187000
3520000,	 108,		911252643000
3520000,	 110,		918491519000
3520000,	 112,		913150076000
3520000,	 114,		920554328000
3520000,	 116,		920875562000
3520000,	 118,		920662582000
3520000,	 120,		930546084000
3520000,	 122,		1090632095000
3520000,	 124,		940982843000
3520000,	 126,		937289179000
3520000,	 128,		945858831000
3520000,	 130,		941221917000
3520000,	 132,		941415151000
3520000,	 134,		951240824000
3520000,	 136,		939902071000
3520000,	 138,		958313969000
3520000,	 140,		949219624000
3520000,	 142,		945157475000
3520000,	 144,		953171402000
3520000,	 146,		958092173000
3520000,	 148,		949798973000
3520000,	 150,		956740592000
3520000,	 152,		959928602000
3520000,	 154,		956997650000
3520000,	 156,		966976006000
3520000,	 158,		964305990000
3520000,	 160,		974911652000
3520000,	 162,		963181847000
3520000,	 164,		974768842000
3520000,	 166,		977767144000
3520000,	 168,		973734616000
3520000,	 170,		968646353000
3520000,	 172,		973311829000
3520000,	 174,		979158219000
3520000,	 176,		977163111000
3520000,	 178,		980035882000
3520000,	 180,		981230901000
3520000,	 182,		984218273000
3520000,	 184,		987341401000
3520000,	 186,		1123555240000
3520000,	 188,		1603117910000
3520000,	 190,		1334669517000
3520000,	 192,		1030333174000
3520000,	 194,		997844099000
3520000,	 196,		1000178777000
3520000,	 198,		1002461972000
3520000,	 200,		1002087140000
3520000,	 202,		1007629927000
3520000,	 204,		1017994752000
3520000,	 206,		1011428670000
3520000,	 208,		1011825717000
3520000,	 210,		1022150343000
3520000,	 212,		1032737670000
3520000,	 214,		1014843414000
3520000,	 216,		1022039622000
3520000,	 218,		1021499059000
3520000,	 220,		1024261461000
3520000,	 222,		1031184391000
3520000,	 224,		1027295378000
3520000,	 226,		1031364226000
3520000,	 228,		1032656567000
3520000,	 230,		1042964973000
3520000,	 232,		1035028622000
3520000,	 234,		1041610924000
3520000,	 236,		1044301039000
3520000,	 238,		1047949920000
3520000,	 240,		1048347319000
3520000,	 242,		1047861060000
3520000,	 244,		1054500486000
3520000,	 246,		1057281225000
3520000,	 248,		1060207946000
3520000,	 250,		1056315406000
3520000,	 252,		1060555978000
3520000,	 254,		1060102865000
3520000,	 256,		1062374424000
3520000,	 258,		1067088208000
3520000,	 260,		1070651756000
3520000,	 262,		1073579183000
3520000,	 264,		1074444505000
3520000,	 266,		1080456978000
3520000,	 268,		1086060415000
3520000,	 270,		1080467204000
3520000,	 272,		1085391500000
3520000,	 274,		1087477230000
3520000,	 276,		1091458629000
3520000,	 278,		1093803531000
3520000,	 280,		1092385306000
3520000,	 282,		1093680821000
3520000,	 284,		1097551146000
3520000,	 286,		1101549470000
3520000,	 288,		1099592445000
3520000,	 290,		1105397579000
3520000,	 292,		1126305300000
3520000,	 294,		1119627439000
3520000,	 296,		1112746823000
3520000,	 298,		1116409456000
3520000,	 300,		1115451043000
4020000,	 2,		1027595455000
4020000,	 4,		1024828117000
4020000,	 6,		1018839269000
4020000,	 8,		1012653309000
4020000,	 10,		1002584330000
4020000,	 12,		1007827393000
4020000,	 14,		1004349178000
4020000,	 16,		1001454193000
4020000,	 18,		998330358000
4020000,	 20,		996853246000
4020000,	 22,		1004950390000
4020000,	 24,		996065499000
4020000,	 26,		995191010000
4020000,	 28,		998191074000
4020000,	 30,		995884959000
4020000,	 32,		996034469000
4020000,	 34,		995740386000
4020000,	 36,		1025846827000
4020000,	 38,		1001045509000
4020000,	 40,		1006718764000
4020000,	 42,		1009992814000
4020000,	 44,		999437223000
4020000,	 46,		1003248661000
4020000,	 48,		1001721829000
4020000,	 50,		1002570578000
4020000,	 52,		1002980671000
4020000,	 54,		1004707437000
4020000,	 56,		1008602093000
4020000,	 58,		1006648594000
4020000,	 60,		1007961387000
4020000,	 62,		1009484693000
4020000,	 64,		1014373727000
4020000,	 66,		1012906841000
4020000,	 68,		1016150212000
4020000,	 70,		1018516624000
4020000,	 72,		1017201364000
4020000,	 74,		1020756801000
4020000,	 76,		1020311798000
4020000,	 78,		1020894321000
4020000,	 80,		1022683853000
4020000,	 82,		1029292248000
4020000,	 84,		1029302827000
4020000,	 86,		1028115212000
4020000,	 88,		1029698463000
4020000,	 90,		1035056832000
4020000,	 92,		1036095993000
4020000,	 94,		1038506836000
4020000,	 96,		1042819342000
4020000,	 98,		1052937335000
4020000,	 100,		1042863772000
4020000,	 102,		1044867695000
4020000,	 104,		1052286404000
4020000,	 106,		1048203452000
4020000,	 108,		1058406777000
4020000,	 110,		1054459935000
4020000,	 112,		1055330900000
4020000,	 114,		1055952211000
4020000,	 116,		1055721599000
4020000,	 118,		1064550424000
4020000,	 120,		1062483383000
4020000,	 122,		1063319086000
4020000,	 124,		1065055371000
4020000,	 126,		1071505089000
4020000,	 128,		1071500505000
4020000,	 130,		1072170125000
4020000,	 132,		1079139248000
4020000,	 134,		1077748879000
4020000,	 136,		1080329683000
4020000,	 138,		1088331974000
4020000,	 140,		1087579136000
4020000,	 142,		1085040293000
4020000,	 144,		1090373978000
4020000,	 146,		1093588788000
4020000,	 148,		1092291157000
4020000,	 150,		1095372677000
4020000,	 152,		1096190396000
4020000,	 154,		1112731661000
4020000,	 156,		1110034493000
4020000,	 158,		1108944906000
4020000,	 160,		1108628257000
4020000,	 162,		1113254944000
4020000,	 164,		1112943231000
4020000,	 166,		1116395351000
4020000,	 168,		1126196341000
4020000,	 170,		1124443834000
4020000,	 172,		1126743956000
4020000,	 174,		1123925488000
4020000,	 176,		1132501133000
4020000,	 178,		1129780341000
4020000,	 180,		1132535690000
4020000,	 182,		1149647489000
4020000,	 184,		1137631006000
4020000,	 186,		1142472790000
4020000,	 188,		1146150586000
4020000,	 190,		1147835389000
4020000,	 192,		1146052558000
4020000,	 194,		1153422606000
4020000,	 196,		1152378155000
4020000,	 198,		1154495620000
4020000,	 200,		1157236159000
4020000,	 202,		1161354374000
4020000,	 204,		1160239751000
4020000,	 206,		1165557216000
4020000,	 208,		1165264191000
4020000,	 210,		1172173722000
4020000,	 212,		1169603144000
4020000,	 214,		1175940729000
4020000,	 216,		1176460134000
4020000,	 218,		1177203804000
4020000,	 220,		1176917479000
4020000,	 222,		1182607307000
4020000,	 224,		1190195625000
4020000,	 226,		1187327085000
4020000,	 228,		1198478599000
4020000,	 230,		1189008716000
4020000,	 232,		1193628351000
4020000,	 234,		1198448626000
4020000,	 236,		1206739358000
4020000,	 238,		1203499512000
4020000,	 240,		1207378652000
4020000,	 242,		1205276349000
4020000,	 244,		1208635732000
4020000,	 246,		1216539995000
4020000,	 248,		1215213450000
4020000,	 250,		1216049857000
4020000,	 252,		1219975895000
4020000,	 254,		1218751962000
4020000,	 256,		1230634097000
4020000,	 258,		1222209018000
4020000,	 260,		1227993701000
4020000,	 262,		1229238086000
4020000,	 264,		1245080463000
4020000,	 266,		1240736575000
4020000,	 268,		1242357908000
4020000,	 270,		1245502899000
4020000,	 272,		1244819175000
4020000,	 274,		1247647868000
4020000,	 276,		1254212186000
4020000,	 278,		1256525707000
4020000,	 280,		1447389189000
4020000,	 282,		1259003899000
4020000,	 284,		1262037816000
4020000,	 286,		1263111535000
4020000,	 288,		1267115149000
4020000,	 290,		1268118344000
4020000,	 292,		1269770355000
4020000,	 294,		1280152810000
4020000,	 296,		1271940712000
4020000,	 298,		1281252623000
4020000,	 300,		1281927532000
4520000,	 2,		1180997257000
4520000,	 4,		1178813147000
4520000,	 6,		1174073974000
4520000,	 8,		1161933723000
4520000,	 10,		1166381634000
4520000,	 12,		1153193053000
4520000,	 14,		1152800237000
4520000,	 16,		1151177142000
4520000,	 18,		1136005441000
4520000,	 20,		1143698487000
4520000,	 22,		1141159644000
4520000,	 24,		1142960460000
4520000,	 26,		1144400547000
4520000,	 28,		1143062719000
4520000,	 30,		1143079996000
4520000,	 32,		1140071821000
4520000,	 34,		1155833449000
4520000,	 36,		1144249980000
4520000,	 38,		1141031292000
4520000,	 40,		1144527842000
4520000,	 42,		1152384855000
4520000,	 44,		1146375555000
4520000,	 46,		1144047225000
4520000,	 48,		1149303687000
4520000,	 50,		1151320304000
4520000,	 52,		1151187015000
4520000,	 54,		1167203232000
4520000,	 56,		1165347761000
4520000,	 58,		1153735377000
4520000,	 60,		1168939871000
4520000,	 62,		1158156490000
4520000,	 64,		1180597389000
4520000,	 66,		1173354283000
4520000,	 68,		1168829149000
4520000,	 70,		1167270230000
4520000,	 72,		1169629942000
4520000,	 74,		1173380025000
4520000,	 76,		1184522723000
4520000,	 78,		1175613148000
4520000,	 80,		1185713863000
4520000,	 82,		1178961600000
4520000,	 84,		1186501256000
4520000,	 86,		1185039306000
4520000,	 88,		1194149519000
4520000,	 90,		1196176363000
4520000,	 92,		1194858280000
4520000,	 94,		1192723183000
4520000,	 96,		1193108594000
4520000,	 98,		1192275713000
4520000,	 100,		1190393443000
4520000,	 102,		1198292417000
4520000,	 104,		1200047039000
4520000,	 106,		1203170168000
4520000,	 108,		1215280799000
4520000,	 110,		1258185475000
4520000,	 112,		1244451395000
4520000,	 114,		1215307951000
4520000,	 116,		1214656314000
4520000,	 118,		1216856645000
4520000,	 120,		1215494133000
4520000,	 122,		1222359233000
4520000,	 124,		1220319697000
4520000,	 126,		1228618538000
4520000,	 128,		1239820476000
4520000,	 130,		1237286217000
4520000,	 132,		1234637358000
4520000,	 134,		1232282582000
4520000,	 136,		1234252300000
4520000,	 138,		1244867483000
4520000,	 140,		1243589599000
4520000,	 142,		1243415759000
4520000,	 144,		1253601807000
4520000,	 146,		1254264021000
4520000,	 148,		1255737255000
4520000,	 150,		1257229883000
4520000,	 152,		1260310698000
4520000,	 154,		1267383842000
4520000,	 156,		1258082864000
4520000,	 158,		1264438080000
4520000,	 160,		1310841069000
4520000,	 162,		1268999181000
4520000,	 164,		1274875191000
4520000,	 166,		1278123851000
4520000,	 168,		1276330794000
4520000,	 170,		1284915608000
4520000,	 172,		1284966737000
4520000,	 174,		1288054605000
4520000,	 176,		1293304719000
4520000,	 178,		1373816706000
4520000,	 180,		1293233139000
4520000,	 182,		1298145798000
4520000,	 184,		1300054867000
4520000,	 186,		1299110912000
4520000,	 188,		1307526470000
4520000,	 190,		1302979472000
4520000,	 192,		1312609091000
4520000,	 194,		1312910578000
4520000,	 196,		1317967812000
4520000,	 198,		1322284901000
4520000,	 200,		1321600120000
4520000,	 202,		1321653364000
4520000,	 204,		1336564128000
4520000,	 206,		1327866476000
4520000,	 208,		1348937459000
4520000,	 210,		1337498916000
4520000,	 212,		1339555025000
4520000,	 214,		1352559188000
4520000,	 216,		1344883069000
4520000,	 218,		1344311123000
4520000,	 220,		1353505260000
4520000,	 222,		1362897215000
4520000,	 224,		1361587595000
4520000,	 226,		1359378802000
4520000,	 228,		1363306603000
4520000,	 230,		1363735384000
4520000,	 232,		1366370139000
4520000,	 234,		1365747065000
4520000,	 236,		1373218667000
4520000,	 238,		1376754710000
4520000,	 240,		1376046303000
4520000,	 242,		1385838125000
4520000,	 244,		1387569122000
4520000,	 246,		1388981353000
4520000,	 248,		1391120328000
4520000,	 250,		1399942453000
4520000,	 252,		1406171080000
4520000,	 254,		1400569759000
4520000,	 256,		1402057450000
4520000,	 258,		1403307477000
4520000,	 260,		1576636020000
4520000,	 262,		1410316798000
4520000,	 264,		1415894141000
4520000,	 266,		1432531318000
4520000,	 268,		1423097402000
4520000,	 270,		1420320190000
4520000,	 272,		1424952873000
4520000,	 274,		1430696299000
4520000,	 276,		1431475583000
4520000,	 278,		1433218215000
4520000,	 280,		1440074148000
4520000,	 282,		1442629916000
4520000,	 284,		1442153884000
4520000,	 286,		1446697706000
4520000,	 288,		1454594212000
4520000,	 290,		1449483028000
4520000,	 292,		1456470839000
4520000,	 294,		1456057220000
4520000,	 296,		1458340063000
4520000,	 298,		1548269391000
4520000,	 300,		1470971509000
5020000,	 2,		1343981427000
5020000,	 4,		1337190376000
5020000,	 6,		1333617307000
5020000,	 8,		1330393682000
5020000,	 10,		1317121531000
5020000,	 12,		1322260924000
5020000,	 14,		1315887724000
5020000,	 16,		1311700749000
5020000,	 18,		1311226480000
5020000,	 20,		1308638623000
5020000,	 22,		1306889291000
5020000,	 24,		1316253035000
5020000,	 26,		1306298304000
5020000,	 28,		1309880541000
5020000,	 30,		1305602944000
5020000,	 32,		1309103020000
5020000,	 34,		1303027429000
5020000,	 36,		1304050723000
5020000,	 38,		1302471352000
5020000,	 40,		1308259560000
5020000,	 42,		1305602238000
5020000,	 44,		1307623086000
5020000,	 46,		1315239261000
5020000,	 48,		1306891053000
5020000,	 50,		1311710270000
5020000,	 52,		1318942093000
5020000,	 54,		1316616935000
5020000,	 56,		1314760759000
5020000,	 58,		1317823239000
5020000,	 60,		1320611029000
5020000,	 62,		1318526357000
5020000,	 64,		1326158753000
5020000,	 66,		1323842412000
5020000,	 68,		1323313486000
5020000,	 70,		1328962058000
5020000,	 72,		1330275909000
5020000,	 74,		1349275619000
5020000,	 76,		1340045868000
5020000,	 78,		1411461393000
5020000,	 80,		1340612171000
5020000,	 82,		1336409682000
5020000,	 84,		1345626033000
5020000,	 86,		1340113923000
5020000,	 88,		1345666583000
5020000,	 90,		1347245956000
5020000,	 92,		1350569724000
5020000,	 94,		1349519277000
5020000,	 96,		1351653316000
5020000,	 98,		1361720883000
5020000,	 100,		1358305788000
5020000,	 102,		1359950041000
5020000,	 104,		1361919407000
5020000,	 106,		1378153542000
5020000,	 108,		1368200927000
5020000,	 110,		1369492915000
5020000,	 112,		1377178909000
5020000,	 114,		1378050225000
5020000,	 116,		1385431557000
5020000,	 118,		1382728748000
5020000,	 120,		1388365331000
5020000,	 122,		1386774676000
5020000,	 124,		1393040680000
5020000,	 126,		1395756889000
5020000,	 128,		1401904414000
5020000,	 130,		1399125440000
5020000,	 132,		1398629307000
5020000,	 134,		1409234264000
5020000,	 136,		1406442948000
5020000,	 138,		1413803476000
5020000,	 140,		1411348555000
5020000,	 142,		1679307164000
5020000,	 144,		1476924743000
5020000,	 146,		1429052398000
5020000,	 148,		1426620751000
5020000,	 150,		1427329864000
5020000,	 152,		1443255811000
5020000,	 154,		1444226214000
5020000,	 156,		1448918136000
5020000,	 158,		1443351018000
5020000,	 160,		1444142643000
5020000,	 162,		1441662335000
5020000,	 164,		1446516461000
5020000,	 166,		1446246004000
5020000,	 168,		1452842058000
5020000,	 170,		1459452922000
5020000,	 172,		1459762520000
5020000,	 174,		1463631786000
5020000,	 176,		1467051466000
5020000,	 178,		1468066298000
5020000,	 180,		1471424975000
5020000,	 182,		1475372522000
5020000,	 184,		1481144510000
5020000,	 186,		1475593260000
5020000,	 188,		1478987552000
5020000,	 190,		1480418119000
5020000,	 192,		1489971925000
5020000,	 194,		1493122205000
5020000,	 196,		1494757290000
5020000,	 198,		1497991493000
5020000,	 200,		1505998721000
5020000,	 202,		1505646104000
5020000,	 204,		1504762445000
5020000,	 206,		1510655028000
5020000,	 208,		1515682642000
5020000,	 210,		1513856086000
5020000,	 212,		1523845020000
5020000,	 214,		1520832613000
5020000,	 216,		1527707235000
5020000,	 218,		1527869791000
5020000,	 220,		1534015201000
5020000,	 222,		1534872412000
5020000,	 224,		1543117657000
5020000,	 226,		1548848035000
5020000,	 228,		1544842306000
5020000,	 230,		1550747583000
5020000,	 232,		1554118250000
5020000,	 234,		1551178481000
5020000,	 236,		1560383548000
5020000,	 238,		1559570767000
5020000,	 240,		1571553398000
5020000,	 242,		1572489596000
5020000,	 244,		1568417927000
5020000,	 246,		1574580263000
5020000,	 248,		1572102423000
5020000,	 250,		1587874276000
5020000,	 252,		1583703169000
5020000,	 254,		1585924304000
5020000,	 256,		1589912051000
5020000,	 258,		1591246353000
5020000,	 260,		1594464336000
5020000,	 262,		1598278947000
5020000,	 264,		1597057834000
5020000,	 266,		1610812366000
5020000,	 268,		1608780940000
5020000,	 270,		1609857126000
5020000,	 272,		1614937633000
5020000,	 274,		1614165754000
5020000,	 276,		1626825763000
5020000,	 278,		1673558096000
5020000,	 280,		1629196054000
5020000,	 282,		1629979922000
5020000,	 284,		1635245200000
5020000,	 286,		1637311535000
5020000,	 288,		1642666024000
5020000,	 290,		1649408415000
5020000,	 292,		1645897054000
5020000,	 294,		1652169054000
5020000,	 296,		1652910607000
5020000,	 298,		1658867366000
5020000,	 300,		1665110097000
5520000,	 2,		1490200421000
5520000,	 4,		1486222900000
5520000,	 6,		1480185392000
5520000,	 8,		1473443707000
5520000,	 10,		1468593813000
5520000,	 12,		1462100370000
5520000,	 14,		1482871628000
5520000,	 16,		1452402345000
5520000,	 18,		1458233572000
5520000,	 20,		1449241485000
5520000,	 22,		1449931909000
5520000,	 24,		1445179690000
5520000,	 26,		1444876440000
5520000,	 28,		1445302754000
5520000,	 30,		1446911745000
5520000,	 32,		1446492836000
5520000,	 34,		1446423370000
5520000,	 36,		1443906743000
5520000,	 38,		1445674412000
5520000,	 40,		1447788703000
5520000,	 42,		1449574356000
5520000,	 44,		1451598378000
5520000,	 46,		1450130433000
5520000,	 48,		1456160184000
5520000,	 50,		1451477430000
5520000,	 52,		1461468834000
5520000,	 54,		1447591591000
5520000,	 56,		1461479765000
5520000,	 58,		1458620040000
5520000,	 60,		1462988966000
5520000,	 62,		1458843247000
5520000,	 64,		1467690760000
5520000,	 66,		1467507400000
5520000,	 68,		1472634099000
5520000,	 70,		1470149559000
5520000,	 72,		1475400732000
5520000,	 74,		1475177525000
5520000,	 76,		1476315067000
5520000,	 78,		1478012213000
5520000,	 80,		1481657920000
5520000,	 82,		1481128643000
5520000,	 84,		1487823429000
5520000,	 86,		1490119318000
5520000,	 88,		1497189290000
5520000,	 90,		1491970910000
5520000,	 92,		1499545477000
5520000,	 94,		1504030765000
5520000,	 96,		1504017366000
5520000,	 98,		1505718037000
5520000,	 100,		1509379612000
5520000,	 102,		1509382081000
5520000,	 104,		1515425584000
5520000,	 106,		1519676383000
5520000,	 108,		1524335863000
5520000,	 110,		1519059655000
5520000,	 112,		1523688458000
5520000,	 114,		1526805593000
5520000,	 116,		1538281514000
5520000,	 118,		1696046599000
5520000,	 120,		1667975463000
5520000,	 122,		1548974977000
5520000,	 124,		1565512716000
5520000,	 126,		1556432123000
5520000,	 128,		1554683848000
5520000,	 130,		1559593686000
5520000,	 132,		1575549254000
5520000,	 134,		1561648033000
5520000,	 136,		1556046360000
5520000,	 138,		1565121310000
5520000,	 140,		1565217223000
5520000,	 142,		1570293144000
5520000,	 144,		1574170521000
5520000,	 146,		1577547887000
5520000,	 148,		1578121595000
5520000,	 150,		1579963666000
5520000,	 152,		1583820591000
5520000,	 154,		1588518508000
5520000,	 156,		1591521042000
5520000,	 158,		1594377240000
5520000,	 160,		1599445404000
5520000,	 162,		1600522296000
5520000,	 164,		1604391210000
5520000,	 166,		1604683530000
5520000,	 168,		1614550107000
5520000,	 170,		1618428541000
5520000,	 172,		1616803329000
5520000,	 174,		1618559010000
5520000,	 176,		1624475217000
5520000,	 178,		1628331438000
5520000,	 180,		1634994136000
5520000,	 182,		1628910082000
5520000,	 184,		1634478610000
5520000,	 186,		1639843325000
5520000,	 188,		1643862102000
5520000,	 190,		1644676999000
5520000,	 192,		1647404139000
5520000,	 194,		1652917306000
5520000,	 196,		1658493945000
5520000,	 198,		1660429106000
5520000,	 200,		1664110781000
5520000,	 202,		1667737095000
5520000,	 204,		1665153117000
5520000,	 206,		1680251825000
5520000,	 208,		1674089137000
5520000,	 210,		1678990161000
5520000,	 212,		1686120078000
5520000,	 214,		1689602523000
5520000,	 216,		1690705861000
5520000,	 218,		1845864402000
5520000,	 220,		1744746888000
5520000,	 222,		1697092461000
5520000,	 224,		1715429604000
5520000,	 226,		1706753462000
5520000,	 228,		1711680580000
5520000,	 230,		1725118109000
5520000,	 232,		1735413115000
5520000,	 234,		1730683817000
5520000,	 236,		1726706649000
5520000,	 238,		1735417346000
5520000,	 240,		1763637287000
5520000,	 242,		1741507043000
5520000,	 244,		1753163504000
5520000,	 246,		1752448749000
5520000,	 248,		1766024857000
5520000,	 250,		1753662456000
5520000,	 252,		1759981001000
5520000,	 254,		1756964362000
5520000,	 256,		1771676954000
5520000,	 258,		1771519687000
5520000,	 260,		1775460183000
5520000,	 262,		1783749856000
5520000,	 264,		1780294562000
5520000,	 266,		1787670957000
5520000,	 268,		1789748577000
5520000,	 270,		1788252070000
5520000,	 272,		1798431772000
5520000,	 274,		1805506679000
5520000,	 276,		1810072716000
5520000,	 278,		1814577751000
5520000,	 280,		1816831679000
5520000,	 282,		1817937134000
5520000,	 284,		1811971912000
5520000,	 286,		1823364262000
5520000,	 288,		1821513023000
5520000,	 290,		1815937795000
5520000,	 292,		1825282852000
5520000,	 294,		1826468350000
5520000,	 296,		1832461782000
5520000,	 298,		1833193814000
5520000,	 300,		1833793969000
6020000,	 2,		1657018947000
6020000,	 4,		1653077042000
6020000,	 6,		1649201781000
6020000,	 8,		1641223820000
6020000,	 10,		1636418356000
6020000,	 12,		1629905873000
6020000,	 14,		1624586997000
6020000,	 16,		1618415142000
6020000,	 18,		1617323440000
6020000,	 20,		1613688663000
6020000,	 22,		1611015826000
6020000,	 24,		1609627925000
6020000,	 26,		1613210867000
6020000,	 28,		1607810890000
6020000,	 30,		1618653158000
6020000,	 32,		1605601744000
6020000,	 34,		1608135298000
6020000,	 36,		1613746493000
6020000,	 38,		1610509821000
6020000,	 40,		1613090977000
6020000,	 42,		1615873125000
6020000,	 44,		1620562579000
6020000,	 46,		1621489962000
6020000,	 48,		1615777919000
6020000,	 50,		1620038591000
6020000,	 52,		1622405709000
6020000,	 54,		1621343626000
6020000,	 56,		1622923350000
6020000,	 58,		1625416705000
6020000,	 60,		1627806391000
6020000,	 62,		1630016594000
6020000,	 64,		1635544924000
6020000,	 66,		1632539569000
6020000,	 68,		1632987040000
6020000,	 70,		1637894764000
6020000,	 72,		1645599093000
6020000,	 74,		1652561869000
6020000,	 76,		1663114638000
6020000,	 78,		1733519209000
6020000,	 80,		1656038320000
6020000,	 82,		1659436843000
6020000,	 84,		1657208303000
6020000,	 86,		1661047244000
6020000,	 88,		1668398604000
6020000,	 90,		1669315409000
6020000,	 92,		1669520631000
6020000,	 94,		1672095794000
6020000,	 96,		1676661126000
6020000,	 98,		1679628045000
6020000,	 100,		1677709456000
6020000,	 102,		1683946899000
6020000,	 104,		1685842215000
6020000,	 106,		1688241421000
6020000,	 108,		1694852991000
6020000,	 110,		1696770169000
6020000,	 112,		1696842808000
6020000,	 114,		1730158770000
6020000,	 116,		1704630355000
6020000,	 118,		1711294464000
6020000,	 120,		1714096006000
6020000,	 122,		1716663058000
6020000,	 124,		1720645867000
6020000,	 126,		1722315862000
6020000,	 128,		1730944753000
6020000,	 130,		1731301249000
6020000,	 132,		1730033943000
6020000,	 134,		1738966085000
6020000,	 136,		1737178317000
6020000,	 138,		1747310766000
6020000,	 140,		1741842734000
6020000,	 142,		1751573906000
6020000,	 144,		1756539459000
6020000,	 146,		1756385718000
6020000,	 148,		1764431381000
6020000,	 150,		1776529670000
6020000,	 152,		1767153937000
6020000,	 154,		1785284093000
6020000,	 156,		1774019390000
6020000,	 158,		1776742651000
6020000,	 160,		1788619849000
6020000,	 162,		1792704918000
6020000,	 164,		1793447882000
6020000,	 166,		1797816102000
6020000,	 168,		1793569183000
6020000,	 170,		1800194151000
6020000,	 172,		1795783265000
6020000,	 174,		1803948816000
6020000,	 176,		1809293786000
6020000,	 178,		1815478335000
6020000,	 180,		1815973057000
6020000,	 182,		1818307030000
6020000,	 184,		1821124791000
6020000,	 186,		1826934157000
6020000,	 188,		1827951809000
6020000,	 190,		1832265374000
6020000,	 192,		1838117759000
6020000,	 194,		1838811709000
6020000,	 196,		1842777593000
6020000,	 198,		1846913790000
6020000,	 200,		1849381052000
6020000,	 202,		1849974153000
6020000,	 204,		1887033849000
6020000,	 206,		1861881325000
6020000,	 208,		1867357114000
6020000,	 210,		1866905059000
6020000,	 212,		1876461333000
6020000,	 214,		1873236298000
6020000,	 216,		1896663467000
6020000,	 218,		1882877905000
6020000,	 220,		1885168858000
6020000,	 222,		1889718675000
6020000,	 224,		1894480063000
6020000,	 226,		1900231598000
6020000,	 228,		1902141725000
6020000,	 230,		1900326101000
6020000,	 232,		1907339300000
6020000,	 234,		1915541877000
6020000,	 236,		1914398341000
6020000,	 238,		1922722922000
6020000,	 240,		1926224057000
6020000,	 242,		1932731957000
6020000,	 244,		1931238271000
6020000,	 246,		1938959879000
6020000,	 248,		1942184208000
6020000,	 250,		1941105200000
6020000,	 252,		1946727326000
6020000,	 254,		1952801507000
6020000,	 256,		1951847678000
6020000,	 258,		1956310752000
6020000,	 260,		1961870111000
6020000,	 262,		1978633877000
6020000,	 264,		1967447807000
6020000,	 266,		1971730694000
6020000,	 268,		1977961437000
6020000,	 270,		1979268235000
6020000,	 272,		1985312443000
6020000,	 274,		1990224751000
6020000,	 276,		1987653468000
6020000,	 278,		1995996387000
6020000,	 280,		2004641146000
6020000,	 282,		2000008110000
6020000,	 284,		2426764266000
6020000,	 286,		2167407045000
6020000,	 288,		2023587611000
6020000,	 290,		2027341218000
6020000,	 292,		2031844843000
6020000,	 294,		2036228577000
6020000,	 296,		2032712634000
6020000,	 298,		2035017691000
6020000,	 300,		2042777028000
6520000,	 2,		1804660398000
6520000,	 4,		1801388465000
6520000,	 6,		1807055020000
6520000,	 8,		1787510164000
6520000,	 10,		1785373305000
6520000,	 12,		1772547214000
6520000,	 14,		1770028117000
6520000,	 16,		1777179191000
6520000,	 18,		1762791359000
6520000,	 20,		1761015580000
6520000,	 22,		1756361740000
6520000,	 24,		1755651216000
6520000,	 26,		1758402687000
6520000,	 28,		1755214677000
6520000,	 30,		1753944550000
6520000,	 32,		1754402600000
6520000,	 34,		1756398060000
6520000,	 36,		1763901749000
6520000,	 38,		1756260892000
6520000,	 40,		1757742235000
6520000,	 42,		1760350896000
6520000,	 44,		1762652781000
6520000,	 46,		1761841761000
6520000,	 48,		1772257010000
6520000,	 50,		1771453749000
6520000,	 52,		1770147302000
6520000,	 54,		1771869836000
6520000,	 56,		1771094785000
6520000,	 58,		1770569032000
6520000,	 60,		1782898639000
6520000,	 62,		1778456370000
6520000,	 64,		1781240633000
6520000,	 66,		1781016370000
6520000,	 68,		1784582033000
6520000,	 70,		1785317945000
6520000,	 72,		1789188973000
6520000,	 74,		1793860444000
6520000,	 76,		1793335398000
6520000,	 78,		1799058372000
6520000,	 80,		1806371296000
6520000,	 82,		1806943241000
6520000,	 84,		1904441846000
6520000,	 86,		1811892925000
6520000,	 88,		1814390160000
6520000,	 90,		1815711415000
6520000,	 92,		1816954038000
6520000,	 94,		1822698522000
6520000,	 96,		1824954565000
6520000,	 98,		1830958928000
6520000,	 100,		1829495920000
6520000,	 102,		1840342066000
6520000,	 104,		1835147666000
6520000,	 106,		1843279014000
6520000,	 108,		1845205714000
6520000,	 110,		1848818275000
6520000,	 112,		1851389205000
6520000,	 114,		1859970846000
6520000,	 116,		1861340410000
6520000,	 118,		1860690184000
6520000,	 120,		1868031671000
6520000,	 122,		1870694987000
6520000,	 124,		1876505410000
6520000,	 126,		1887142103000
6520000,	 128,		1880569321000
6520000,	 130,		1882327470000
6520000,	 132,		1889438697000
6520000,	 134,		1965243246000
6520000,	 136,		1902307455000
6520000,	 138,		1900002398000
6520000,	 140,		1898590167000
6520000,	 142,		1905496876000
6520000,	 144,		1912052026000
6520000,	 146,		1909876379000
6520000,	 148,		1919833931000
6520000,	 150,		1921251804000
6520000,	 152,		1924277258000
6520000,	 154,		1926590074000
6520000,	 156,		1934882215000
6520000,	 158,		1937481356000
6520000,	 160,		1940313223000
6520000,	 162,		1950952736000
6520000,	 164,		1957974046000
6520000,	 166,		1965167080000
6520000,	 168,		1962590156000
6520000,	 170,		1963896954000
6520000,	 172,		1969538474000
6520000,	 174,		1966034518000
6520000,	 176,		1977171927000
6520000,	 178,		1991253334000
6520000,	 180,		1980234759000
6520000,	 182,		1979711475000
6520000,	 184,		1983454151000
6520000,	 186,		1988043815000
6520000,	 188,		1985823385000
6520000,	 190,		1995517533000
6520000,	 192,		1999079669000
6520000,	 194,		2007450445000
6520000,	 196,		2005625652000
6520000,	 198,		2100211641000
6520000,	 200,		2200787887000
6520000,	 202,		2028738992000
6520000,	 204,		2039448324000
6520000,	 206,		2046294383000
6520000,	 208,		2032823355000
6520000,	 210,		2051430602000
6520000,	 212,		2041852466000
6520000,	 214,		2053125280000
6520000,	 216,		2050801533000
6520000,	 218,		2070813608000
6520000,	 220,		2067492661000
6520000,	 222,		2071974775000
6520000,	 224,		2069410545000
6520000,	 226,		2072278026000
6520000,	 228,		2073864097000
6520000,	 230,		2089436017000
6520000,	 232,		2083654862000
6520000,	 234,		2091419488000
6520000,	 236,		2091590154000
6520000,	 238,		2097242605000
6520000,	 240,		2097314187000
6520000,	 242,		2098765911000
6520000,	 244,		2102790328000
6520000,	 246,		2119474756000
6520000,	 248,		2117627043000
6520000,	 250,		2136093596000
6520000,	 252,		2128352242000
6520000,	 254,		2130251437000
6520000,	 256,		2145686189000
6520000,	 258,		2143677683000
6520000,	 260,		2140173375000
6520000,	 262,		2169976213000
6520000,	 264,		2274619544000
6520000,	 266,		2153433185000
6520000,	 268,		2160192853000
6520000,	 270,		2165252908000
6520000,	 272,		2174417071000
6520000,	 274,		2165783949000
6520000,	 276,		2174550713000
6520000,	 278,		2185775923000
6520000,	 280,		2180532155000
6520000,	 282,		2178345577000
6520000,	 284,		2188576408000
6520000,	 286,		2188566887000
6520000,	 288,		2201701871000
6520000,	 290,		2202353154000
6520000,	 292,		2206105353000
6520000,	 294,		2205646950000
6520000,	 296,		2213377726000
6520000,	 298,		2217847851000
6520000,	 300,		2220997074000
7020000,	 2,		1962057704000
7020000,	 4,		1958837253000
7020000,	 6,		1948638863000
7020000,	 8,		1940531493000
7020000,	 10,		1941286798000
7020000,	 12,		1928245611000
7020000,	 14,		1924095308000
7020000,	 16,		1918232698000
7020000,	 18,		1913406428000
7020000,	 20,		1912668401000
7020000,	 22,		1907681339000
7020000,	 24,		1932103241000
7020000,	 26,		1974725470000
7020000,	 28,		1933803912000
7020000,	 30,		1911812599000
7020000,	 32,		1937498281000
7020000,	 34,		1925485324000
7020000,	 36,		1910725834000
7020000,	 38,		1919242593000
7020000,	 40,		1916685061000
7020000,	 42,		1914852864000
7020000,	 44,		1915767199000
7020000,	 46,		1915520367000
7020000,	 48,		1924745181000
7020000,	 50,		1918211540000
7020000,	 52,		1923621743000
7020000,	 54,		1922931319000
7020000,	 56,		1927035782000
7020000,	 58,		1933192122000
7020000,	 60,		1933140992000
7020000,	 62,		1936226744000
7020000,	 64,		1938149565000
7020000,	 66,		1949730565000
7020000,	 68,		1942356286000
7020000,	 70,		1944166621000
7020000,	 72,		1948087017000
7020000,	 74,		1948936472000
7020000,	 76,		1953439039000
7020000,	 78,		1959520271000
7020000,	 80,		1954849506000
7020000,	 82,		1968209460000
7020000,	 84,		1969775785000
7020000,	 86,		1967209791000
7020000,	 88,		1970088556000
7020000,	 90,		1976336225000
7020000,	 92,		1977948037000
7020000,	 94,		1981363486000
7020000,	 96,		1992377478000
7020000,	 98,		1989673258000
7020000,	 100,		1990447605000
7020000,	 102,		1994071802000
7020000,	 104,		1998203769000
7020000,	 106,		2006594291000
7020000,	 108,		2003099504000
7020000,	 110,		2011548560000
7020000,	 112,		2008393342000
7020000,	 114,		2020657363000
7020000,	 116,		2026933593000
7020000,	 118,		2030234089000
7020000,	 120,		2026116579000
7020000,	 122,		2049140002000
7020000,	 124,		2036935222000
7020000,	 126,		2046686140000
7020000,	 128,		2051286030000
7020000,	 130,		2053363297000
7020000,	 132,		2062013344000
7020000,	 134,		2056682127000
7020000,	 136,		2063717895000
7020000,	 138,		2066855834000
7020000,	 140,		2071999811000
7020000,	 142,		2093582441000
7020000,	 144,		2075193815000
7020000,	 146,		2085830156000
7020000,	 148,		2089656051000
7020000,	 150,		2089044965000
7020000,	 152,		2097345217000
7020000,	 154,		2130058555000
7020000,	 156,		2106465304000
7020000,	 158,		2104569634000
7020000,	 160,		2108840532000
7020000,	 162,		2112891749000
7020000,	 164,		2113865325000
7020000,	 166,		2129942897000
7020000,	 168,		2124375780000
7020000,	 170,		2130826556000
7020000,	 172,		2130389310000
7020000,	 174,		2137429662000
7020000,	 176,		2150493417000
7020000,	 178,		2147612184000
7020000,	 180,		2158280611000
7020000,	 182,		2159932975000
7020000,	 184,		2168076665000
7020000,	 186,		2167214516000
7020000,	 188,		2166105888000
7020000,	 190,		2171111639000
7020000,	 192,		2179284244000
7020000,	 194,		2192455547000
7020000,	 196,		2184385555000
7020000,	 198,		2184989587000
7020000,	 200,		2190863129000
7020000,	 202,		2197226103000
7020000,	 204,		2198926422000
7020000,	 206,		2204336625000
7020000,	 208,		2207682608000
7020000,	 210,		2220944887000
7020000,	 212,		2230315331000
7020000,	 214,		2222976314000
7020000,	 216,		2227144599000
7020000,	 218,		2232493094000
7020000,	 220,		2233652146000
7020000,	 222,		2252801013000
7020000,	 224,		2244127340000
7020000,	 226,		2246541003000
7020000,	 228,		2248398942000
7020000,	 230,		2257042291000
7020000,	 232,		2261574477000
7020000,	 234,		2271890993000
7020000,	 236,		2269943490000
7020000,	 238,		2278005725000
7020000,	 240,		2280909174000
7020000,	 242,		2288549327000
7020000,	 244,		2289385029000
7020000,	 246,		2293176367000
7020000,	 248,		2433626193000
7020000,	 250,		2312051603000
7020000,	 252,		2308809290000
7020000,	 254,		2310974711000
7020000,	 256,		2315068242000
7020000,	 258,		2319371933000
7020000,	 260,		2325369596000
7020000,	 262,		2377166215000
7020000,	 264,		2332707556000
7020000,	 266,		2344324171000
7020000,	 268,		2341064579000
7020000,	 270,		2348417349000
7020000,	 272,		2349309117000
7020000,	 274,		2364758679000
7020000,	 276,		2359884102000
7020000,	 278,		2364469887000
7020000,	 280,		2369645246000
7020000,	 282,		2377242379000
7020000,	 284,		2377615448000
7020000,	 286,		2382521409000
7020000,	 288,		2388464064000
7020000,	 290,		2393372140000
7020000,	 292,		2399606056000
7020000,	 294,		2410845018000
7020000,	 296,		2406048721000
7020000,	 298,		2416264037000
7020000,	 300,		2415846538000
7520000,	 2,		2121130998000
7520000,	 4,		2118625654000
7520000,	 6,		2104548830000
7520000,	 8,		2098102638000
7520000,	 10,		2089056601000
7520000,	 12,		2086780458000
7520000,	 14,		2073580594000
7520000,	 16,		2069234588000
7520000,	 18,		2073491733000
7520000,	 20,		2058398315000
7520000,	 22,		2066083955000
7520000,	 24,		2065653057000
7520000,	 26,		2065841355000
7520000,	 28,		2066205255000
7520000,	 30,		2070102379000
7520000,	 32,		2064406556000
7520000,	 34,		2062424144000
7520000,	 36,		2066485233000
7520000,	 38,		2064321928000
7520000,	 40,		2064394920000
7520000,	 42,		2070331580000
7520000,	 44,		2071115095000
7520000,	 46,		2072805541000
7520000,	 48,		2077033419000
7520000,	 50,		2077249573000
7520000,	 52,		2076562676000
7520000,	 54,		2079216823000
7520000,	 56,		2086105902000
7520000,	 58,		2087536822000
7520000,	 60,		2093401549000
7520000,	 62,		2088294243000
7520000,	 64,		2090787598000
7520000,	 66,		2096543719000
7520000,	 68,		2105457524000
7520000,	 70,		2099720445000
7520000,	 72,		2120279075000
7520000,	 74,		2117862944000
7520000,	 76,		2112304642000
7520000,	 78,		2113891065000
7520000,	 80,		2114809633000
7520000,	 82,		2118148563000
7520000,	 84,		2122909245000
7520000,	 86,		2130876274000
7520000,	 88,		2129189002000
7520000,	 90,		2134566411000
7520000,	 92,		2137700472000
7520000,	 94,		2137759358000
7520000,	 96,		2144899501000
7520000,	 98,		2145703820000
7520000,	 100,		2157687509000
7520000,	 102,		2159377250000
7520000,	 104,		2163009911000
7520000,	 106,		2164911222000
7520000,	 108,		2162843123000
7520000,	 110,		2174312696000
7520000,	 112,		2174651208000
7520000,	 114,		2179494757000
7520000,	 116,		2187583790000
7520000,	 118,		2183549852000
7520000,	 120,		2191162148000
7520000,	 122,		2196316704000
7520000,	 124,		2203135964000
7520000,	 126,		2202863391000
7520000,	 128,		2204873661000
7520000,	 130,		2214249042000
7520000,	 132,		2216779775000
7520000,	 134,		2219763267000
7520000,	 136,		2224866693000
7520000,	 138,		2244058227000
7520000,	 140,		2236677600000
7520000,	 142,		2238417060000
7520000,	 144,		2238482294000
7520000,	 146,		2244145323000
7520000,	 148,		2247146800000
7520000,	 150,		2305381500000
7520000,	 152,		2283293923000
7520000,	 154,		2261409805000
7520000,	 156,		2265536482000
7520000,	 158,		2276599136000
7520000,	 160,		2279147147000
7520000,	 162,		2276768392000
7520000,	 164,		2286692093000
7520000,	 166,		2285469922000
7520000,	 168,		2297230052000
7520000,	 170,		2292307166000
7520000,	 172,		2299895837000
7520000,	 174,		2308009555000
7520000,	 176,		2317747426000
7520000,	 178,		2338641395000
7520000,	 180,		2314283316000
7520000,	 182,		2320741144000
7520000,	 184,		2327590378000
7520000,	 186,		2334651886000
7520000,	 188,		2335445274000
7520000,	 190,		2339923510000
7520000,	 192,		2342936976000
7520000,	 194,		2353689326000
7520000,	 196,		2353995750000
7520000,	 198,		2370369521000
7520000,	 200,		2362101710000
7520000,	 202,		2376879889000
7520000,	 204,		2376960991000
7520000,	 206,		2380196957000
7520000,	 208,		2379289322000
7520000,	 210,		2405099124000
7520000,	 212,		2521154906000
7520000,	 214,		2558734006000
7520000,	 216,		2402436513000
7520000,	 218,		2402343070000
7520000,	 220,		2410514969000
7520000,	 222,		2412561911000
7520000,	 224,		2442868991000
7520000,	 226,		2449907227000
7520000,	 228,		2445841200000
7520000,	 230,		2448935062000
7520000,	 232,		2446964284000
7520000,	 234,		2451623061000
7520000,	 236,		2452095215000
7520000,	 238,		2469843487000
7520000,	 240,		2466184380000
7520000,	 242,		2465809549000
7520000,	 244,		2476674385000
7520000,	 246,		2485522250000
7520000,	 248,		2491696574000
7520000,	 250,		2503793454000
7520000,	 252,		2493439561000
7520000,	 254,		2507694808000
7520000,	 256,		2499093069000
7520000,	 258,		2520739170000
7520000,	 260,		2527816898000
7520000,	 262,		2508964583000
7520000,	 264,		2516975336000
7520000,	 266,		2523634861000
7520000,	 268,		2522335820000
7520000,	 270,		2545196686000
7520000,	 272,		2535006760000
7520000,	 274,		2545487948000
7520000,	 276,		2577303171000
7520000,	 278,		2564740132000
7520000,	 280,		2557253720000
7520000,	 282,		2570013520000
7520000,	 284,		2565016231000
7520000,	 286,		2580741187000
7520000,	 288,		2583129462000
7520000,	 290,		2582361815000
7520000,	 292,		2588750177000
7520000,	 294,		2633114335000
7520000,	 296,		2601741293000
7520000,	 298,		2599615365000
7520000,	 300,		2604886637000
8020000,	 2,		2314189168000
8020000,	 4,		2316981541000
8020000,	 6,		2301445236000
8020000,	 8,		2288218219000
8020000,	 10,		2281313978000
8020000,	 12,		2279222607000
8020000,	 14,		2270417759000
8020000,	 16,		2267333771000
8020000,	 18,		2261070940000
8020000,	 20,		2259334301000
8020000,	 22,		2260346665000
8020000,	 24,		2252487184000
8020000,	 26,		2253453003000
8020000,	 28,		2251272418000
8020000,	 30,		2255439647000
8020000,	 32,		2256115966000
8020000,	 34,		2257708032000
8020000,	 36,		2253057366000
8020000,	 38,		2255544726000
8020000,	 40,		2258483789000
8020000,	 42,		2258840637000
8020000,	 44,		2260122753000
8020000,	 46,		2266488548000
8020000,	 48,		2265386972000
8020000,	 50,		2261967997000
8020000,	 52,		2267640548000
8020000,	 54,		2271980206000
8020000,	 56,		2281727951000
8020000,	 58,		2284850374000
8020000,	 60,		2279047708000
8020000,	 62,		2280023400000
8020000,	 64,		2284490705000
8020000,	 66,		2291241558000
8020000,	 68,		2289008786000
8020000,	 70,		2293258526000
8020000,	 72,		2295178880000
8020000,	 74,		2304605743000
8020000,	 76,		2302847594000
8020000,	 78,		2307520828000
8020000,	 80,		2312336518000
8020000,	 82,		2318589476000
8020000,	 84,		2322930191000
8020000,	 86,		2325931315000
8020000,	 88,		2327383744000
8020000,	 90,		2324682698000
8020000,	 92,		2333338740000
8020000,	 94,		2337501032000
8020000,	 96,		2342714826000
8020000,	 98,		2343247278000
8020000,	 100,		2350040798000
8020000,	 102,		2351201260000
8020000,	 104,		2359918659000
8020000,	 106,		2400530618000
8020000,	 108,		2403757769000
8020000,	 110,		2372333599000
8020000,	 112,		2376706049000
8020000,	 114,		2375414765000
8020000,	 116,		2384489718000
8020000,	 118,		2383954445000
8020000,	 120,		2395019214000
8020000,	 122,		2404820910000
8020000,	 124,		2445890214000
8020000,	 126,		2501534237000
8020000,	 128,		2404166805000
8020000,	 130,		2414151156000
8020000,	 132,		2420011298000
8020000,	 134,		2419399508000
8020000,	 136,		2420483099000
8020000,	 138,		2434580728000
8020000,	 140,		2434284530000
8020000,	 142,		2433925566000
8020000,	 144,		2439517366000
8020000,	 146,		2450833551000
8020000,	 148,		2483090251000
8020000,	 150,		2478746009000
8020000,	 152,		2458902134000
8020000,	 154,		2464437516000
8020000,	 156,		2473838638000
8020000,	 158,		2475128159000
8020000,	 160,		2482415342000
8020000,	 162,		2494703340000
8020000,	 164,		2505557597000
8020000,	 166,		2497916738000
8020000,	 168,		2504474710000
8020000,	 170,		2507157773000
8020000,	 172,		2520950035000
8020000,	 174,		2517935160000
8020000,	 176,		2520610465000
8020000,	 178,		2521971214000
8020000,	 180,		2528350408000
8020000,	 182,		2539732533000
8020000,	 184,		2537298417000
8020000,	 186,		2549092751000
8020000,	 188,		2556772045000
8020000,	 190,		2561563052000
8020000,	 192,		2559012573000
8020000,	 194,		2575463215000
8020000,	 196,		2565625201000
8020000,	 198,		2567041311000
8020000,	 200,		2575912097000
8020000,	 202,		2586340393000
8020000,	 204,		2593087719000
8020000,	 206,		2590708612000
8020000,	 208,		2594224557000
8020000,	 210,		2599974682000
8020000,	 212,		2604835860000
8020000,	 214,		2610223496000
8020000,	 216,		2613706999000
8020000,	 218,		2645071931000
8020000,	 220,		2627703779000
8020000,	 222,		2629627305000
8020000,	 224,		2636374984000
8020000,	 226,		2642491832000
8020000,	 228,		2645053595000
8020000,	 230,		2649351644000
8020000,	 232,		2657868754000
8020000,	 234,		2668670119000
8020000,	 236,		2665289227000
8020000,	 238,		2672100378000
8020000,	 240,		2669681777000
8020000,	 242,		2680061765000
8020000,	 244,		2682411252000
8020000,	 246,		2684963493000
8020000,	 248,		2699324880000
8020000,	 250,		2707069760000
8020000,	 252,		2702849640000
8020000,	 254,		2709806420000
8020000,	 256,		2713424976000
8020000,	 258,		2716770607000
8020000,	 260,		2721852170000
8020000,	 262,		2729670395000
8020000,	 264,		2738761919000
8020000,	 266,		2740120200000
8020000,	 268,		2746026182000
8020000,	 270,		2752187459000
8020000,	 272,		2758027503000
8020000,	 274,		2764341463000
8020000,	 276,		2768595435000
8020000,	 278,		2764874972000
8020000,	 280,		2776488766000
8020000,	 282,		2787529910000
8020000,	 284,		2783787234000
8020000,	 286,		2798004400000
8020000,	 288,		2789063795000
8020000,	 290,		2800628222000
8020000,	 292,		2801875429000
8020000,	 294,		2821864935000
8020000,	 296,		2822833221000
8020000,	 298,		2815902886000
8020000,	 300,		2822682654000
8520000,	 2,		2471278286000
8520000,	 4,		2486564234000
8520000,	 6,		2473487784000
8520000,	 8,		2460851048000
8520000,	 10,		2450885034000
8520000,	 12,		2441691250000
8520000,	 14,		2438183768000
8520000,	 16,		2438227141000
8520000,	 18,		2425710999000
8520000,	 20,		2433684023000
8520000,	 22,		2439641840000
8520000,	 24,		2421524730000
8520000,	 26,		2417145579000
8520000,	 28,		2417292973000
8520000,	 30,		2420288102000
8520000,	 32,		2422647463000
8520000,	 34,		2416229127000
8520000,	 36,		2425851341000
8520000,	 38,		2431465709000
8520000,	 40,		2433294734000
8520000,	 42,		2424020201000
8520000,	 44,		2433633951000
8520000,	 46,		2428598933000
8520000,	 48,		2429427231000
8520000,	 50,		2437207372000
8520000,	 52,		2439757851000
8520000,	 54,		2438256408000
8520000,	 56,		2442135195000
8520000,	 58,		2442782600000
8520000,	 60,		2448370522000
8520000,	 62,		2455905947000
8520000,	 64,		2450435446000
8520000,	 66,		2481606086000
8520000,	 68,		2506170445000
8520000,	 70,		2470708104000
8520000,	 72,		2469602297000
8520000,	 74,		2476344334000
8520000,	 76,		2476199057000
8520000,	 78,		2504086479000
8520000,	 80,		2503858688000
8520000,	 82,		2484819838000
8520000,	 84,		2488986360000
8520000,	 86,		2491425764000
8520000,	 88,		2519956007000
8520000,	 90,		2692925233000
8520000,	 92,		2502896396000
8520000,	 94,		2510144439000
8520000,	 96,		2511487204000
8520000,	 98,		2519320239000
8520000,	 100,		2529821879000
8520000,	 102,		2542946284000
8520000,	 104,		2533781416000
8520000,	 106,		2536569910000
8520000,	 108,		2539536478000
8520000,	 110,		2545426593000
8520000,	 112,		2554121776000
8520000,	 114,		2555942690000
8520000,	 116,		2559865554000
8520000,	 118,		2563159350000
8520000,	 120,		2573784406000
8520000,	 122,		2584884790000
8520000,	 124,		2581471810000
8520000,	 126,		2583731379000
8520000,	 128,		2585499753000
8520000,	 130,		2606701556000
8520000,	 132,		2590028414000
8520000,	 134,		2609759451000
8520000,	 136,		2609371926000
8520000,	 138,		2606932168000
8520000,	 140,		2612447804000
8520000,	 142,		2619256839000
8520000,	 144,		2628970732000
8520000,	 146,		2624263648000
8520000,	 148,		2636610885000
8520000,	 150,		2637435304000
8520000,	 152,		2652833031000
8520000,	 154,		2650543136000
8520000,	 156,		2660538418000
8520000,	 158,		2656112017000
8520000,	 160,		2683501191000
8520000,	 162,		2675863506000
8520000,	 164,		2671504455000
8520000,	 166,		2677211208000
8520000,	 168,		2682745532000
8520000,	 170,		2690866302000
8520000,	 172,		2689274237000
8520000,	 174,		2699964879000
8520000,	 176,		2705509429000
8520000,	 178,		2707268636000
8520000,	 180,		2716886265000
8520000,	 182,		2720881063000
8520000,	 184,		2716632733000
8520000,	 186,		2729425326000
8520000,	 188,		2734351386000
8520000,	 190,		2743739461000
8520000,	 192,		2745496905000
8520000,	 194,		2749354182000
8520000,	 196,		2750517466000
8520000,	 198,		2761872439000
8520000,	 200,		2775045858000
8520000,	 202,		2767461771000
8520000,	 204,		2774150916000
8520000,	 206,		2789782075000
8520000,	 208,		2776882640000
8520000,	 210,		2786378264000
8520000,	 212,		2796573127000
8520000,	 214,		2802841247000
8520000,	 216,		2806611428000
8520000,	 218,		2811801598000
8520000,	 220,		2813298457000
8520000,	 222,		2825790973000
8520000,	 224,		2825154147000
8520000,	 226,		2831280162000
8520000,	 228,		2836864205000
8520000,	 230,		2844873901000
8520000,	 232,		2846451861000
8520000,	 234,		2861707484000
8520000,	 236,		2854296885000
8520000,	 238,		2858417215000
8520000,	 240,		2863291440000
8520000,	 242,		2878657432000
8520000,	 244,		2874537455000
8520000,	 246,		2881595789000
8520000,	 248,		2886769739000
8520000,	 250,		2885693552000
8520000,	 252,		2900345141000
8520000,	 254,		2902525020000
8520000,	 256,		2910348181000
8520000,	 258,		2913991773000
8520000,	 260,		2918271485000
8520000,	 262,		2930105313000
8520000,	 264,		2935064166000
8520000,	 266,		2942063613000
8520000,	 268,		2945412417000
8520000,	 270,		2957824184000
8520000,	 272,		2952536339000
8520000,	 274,		2960781231000
8520000,	 276,		2969397074000
8520000,	 278,		2967401262000
8520000,	 280,		2969963025000
8520000,	 282,		2975933536000
8520000,	 284,		2992711406000
8520000,	 286,		2988105522000
8520000,	 288,		2994153962000
8520000,	 290,		3003914049000
8520000,	 292,		3005062876000
8520000,	 294,		3030636072000
8520000,	 296,		3019599865000
8520000,	 298,		3025715654000
8520000,	 300,		3032273273000
9020000,	 2,		2654601052000
9020000,	 4,		2662862869000
9020000,	 6,		2645227082000
9020000,	 8,		2631707040000
9020000,	 10,		2631623118000
9020000,	 12,		2619722998000
9020000,	 14,		2609443507000
9020000,	 16,		2633188385000
9020000,	 18,		2644618112000
9020000,	 20,		2598674583000
9020000,	 22,		2595813096000
9020000,	 24,		2595654066000
9020000,	 26,		2610654041000
9020000,	 28,		2589718816000
9020000,	 30,		2591772811000
9020000,	 32,		2590373273000
9020000,	 34,		2591693471000
9020000,	 36,		2599268743000
9020000,	 38,		2595449548000
9020000,	 40,		2623519273000
9020000,	 42,		2602792444000
9020000,	 44,		2599170362000
9020000,	 46,		2596895630000
9020000,	 48,		2608510482000
9020000,	 50,		2622146888000
9020000,	 52,		2611391716000
9020000,	 54,		2609297876000
9020000,	 56,		2618618602000
9020000,	 58,		2617352354000
9020000,	 60,		2614788123000
9020000,	 62,		2630370974000
9020000,	 64,		2627036628000
9020000,	 66,		2627288043000
9020000,	 68,		2633782897000
9020000,	 70,		2680152387000
9020000,	 72,		2649421814000
9020000,	 74,		2643550740000
9020000,	 76,		2642639578000
9020000,	 78,		2657118385000
9020000,	 80,		2659985515000
9020000,	 82,		2661174186000
9020000,	 84,		2661942186000
9020000,	 86,		2664771585000
9020000,	 88,		2665481756000
9020000,	 90,		2674740773000
9020000,	 92,		2674990427000
9020000,	 94,		2685446931000
9020000,	 96,		2779093196000
9020000,	 98,		2687973080000
9020000,	 100,		2697606224000
9020000,	 102,		2699797034000
9020000,	 104,		2707025330000
9020000,	 106,		2713449660000
9020000,	 108,		2722014374000
9020000,	 110,		2715568535000
9020000,	 112,		2721861338000
9020000,	 114,		2727287761000
9020000,	 116,		2729767364000
9020000,	 118,		2735091528000
9020000,	 120,		2758327932000
9020000,	 122,		2750710347000
9020000,	 124,		2748928926000
9020000,	 126,		2759815976000
9020000,	 128,		2770909660000
9020000,	 130,		2765157771000
9020000,	 132,		2774607555000
9020000,	 134,		2772975996000
9020000,	 136,		2781293526000
9020000,	 138,		2793333282000
9020000,	 140,		2802820795000
9020000,	 142,		2794457425000
9020000,	 144,		2799394416000
9020000,	 146,		2809160497000
9020000,	 148,		2814559415000
9020000,	 150,		2821478820000
9020000,	 152,		2830925782000
9020000,	 154,		2829502267000
9020000,	 156,		2831003357000
9020000,	 158,		2836312712000
9020000,	 160,		2846014969000
9020000,	 162,		2852706230000
9020000,	 164,		2850496027000
9020000,	 166,		2859564631000
9020000,	 168,		2865269622000
9020000,	 170,		2867707615000
9020000,	 172,		2876106248000
9020000,	 174,		2883299988000
9020000,	 176,		2913457910000
9020000,	 178,		2898466398000
9020000,	 180,		2918387496000
9020000,	 182,		2907837195000
9020000,	 184,		2914502010000
9020000,	 186,		2911443057000
9020000,	 188,		2919255640000
9020000,	 190,		2944561200000
9020000,	 192,		2934585664000
9020000,	 194,		2934509499000
9020000,	 196,		2936090634000
9020000,	 198,		2946414907000
9020000,	 200,		2955698961000
9020000,	 202,		2949685430000
9020000,	 204,		2962622243000
9020000,	 206,		2964034827000
9020000,	 208,		2970119234000
9020000,	 210,		2979463232000
9020000,	 212,		2983600135000
9020000,	 214,		2997655802000
9020000,	 216,		2992518524000
9020000,	 218,		2991552706000
9020000,	 220,		3000342391000
9020000,	 222,		3174047528000
9020000,	 224,		3019648173000
9020000,	 226,		3025206122000
9020000,	 228,		3023191622000
9020000,	 230,		3035748665000
9020000,	 232,		3051073049000
9020000,	 234,		3046717523000
9020000,	 236,		3154950496000
9020000,	 238,		3060712540000
9020000,	 240,		3060677279000
9020000,	 242,		3068694731000
9020000,	 244,		3078884658000
9020000,	 246,		3082155181000
9020000,	 248,		3084755379000
9020000,	 250,		3088051996000
9020000,	 252,		3155266441000
9020000,	 254,		3101380919000
9020000,	 256,		3111088465000
9020000,	 258,		3122804166000
9020000,	 260,		3121409566000
9020000,	 262,		3132877376000
9020000,	 264,		3143465408000
9020000,	 266,		3137185298000
9020000,	 268,		3149159467000
9020000,	 270,		3169558714000
9020000,	 272,		3159473868000
9020000,	 274,		3153938133000
9020000,	 276,		3159597636000
9020000,	 278,		3172119419000
9020000,	 280,		3180111836000
9020000,	 282,		3195686224000
9020000,	 284,		3185207857000
9020000,	 286,		3195228527000
9020000,	 288,		3193809949000
9020000,	 290,		3203927237000
9020000,	 292,		3206882520000
9020000,	 294,		3210971467000
9020000,	 296,		3228305062000
9020000,	 298,		3225063101000
9020000,	 300,		3236080267000
9520000,	 2,		2768434994000
9520000,	 4,		2801165963000
9520000,	 6,		2811789257000
9520000,	 8,		2804462227000
9520000,	 10,		2782536501000
9520000,	 12,		2768908911000
9520000,	 14,		2769359203000
9520000,	 16,		2765291413000
9520000,	 18,		2753392705000
9520000,	 20,		2754987591000
9520000,	 22,		2743705610000
9520000,	 24,		2745475394000
9520000,	 26,		2753282336000
9520000,	 28,		2746049102000
9520000,	 30,		2751310501000
9520000,	 32,		2744480663000
9520000,	 34,		2748660584000
9520000,	 36,		2754066908000
9520000,	 38,		2745105852000
9520000,	 40,		2747855559000
9520000,	 42,		2755934015000
9520000,	 44,		2758935492000
9520000,	 46,		2764652118000
9520000,	 48,		2759703138000
9520000,	 50,		2759057497000
9520000,	 52,		2768606718000
9520000,	 54,		2762520901000
9520000,	 56,		2766564361000
9520000,	 58,		2772038387000
9520000,	 60,		2775914707000
9520000,	 62,		2778135488000
9520000,	 64,		2779881647000
9520000,	 66,		2785350385000
9520000,	 68,		2793768763000
9520000,	 70,		2790514108000
9520000,	 72,		2982846239000
9520000,	 74,		2970553305000
9520000,	 76,		2806838513000
9520000,	 78,		2813239217000
9520000,	 80,		2838290541000
9520000,	 82,		2816071790000
9520000,	 84,		2827550885000
9520000,	 86,		2823423855000
9520000,	 88,		2838527147000
9520000,	 90,		2832283710000
9520000,	 92,		2850716764000
9520000,	 94,		2875659481000
9520000,	 96,		2855076168000
9520000,	 98,		2853678042000
9520000,	 100,		2852728092000
9520000,	 102,		2858200003000
9520000,	 104,		2863714934000
9520000,	 106,		2872099461000
9520000,	 108,		2869222458000
9520000,	 110,		2880741751000
9520000,	 112,		2885560968000
9520000,	 114,		2890603391000
9520000,	 116,		2899920238000
9520000,	 118,		2900718563000
9520000,	 120,		2908922198000
9520000,	 122,		2918262670000
9520000,	 124,		2920429501000
9520000,	 126,		2921120631000
9520000,	 128,		2928819671000
9520000,	 130,		2925399991000
9520000,	 132,		2943930015000
9520000,	 134,		2945237167000
9520000,	 136,		2965304248000
9520000,	 138,		2951628350000
9520000,	 140,		2956765980000
9520000,	 142,		2971028986000
9520000,	 144,		2968431962000
9520000,	 146,		2973654924000
9520000,	 148,		2976176842000
9520000,	 150,		2986044829000
9520000,	 152,		2992465632000
9520000,	 154,		3033044799000
9520000,	 156,		3002768043000
9520000,	 158,		3004766677000
9520000,	 160,		3011602510000
9520000,	 162,		3021850971000
9520000,	 164,		3025113384000
9520000,	 166,		3026325329000
9520000,	 168,		3038866506000
9520000,	 170,		3032342739000
9520000,	 172,		3063707669000
9520000,	 174,		3078626190000
9520000,	 176,		3055440210000
9520000,	 178,		3061625113000
9520000,	 180,		3067385818000
9520000,	 182,		3108135651000
9520000,	 184,		3081375897000
9520000,	 186,		3106792180000
9520000,	 188,		3086577704000
9520000,	 190,		3094603267000
9520000,	 192,		3099091376000
9520000,	 194,		3132946489000
9520000,	 196,		3109207606000
9520000,	 198,		3121812254000
9520000,	 200,		3136167293000
9520000,	 202,		3131275437000
9520000,	 204,		3137957177000
9520000,	 206,		3166730020000
9520000,	 208,		3146044449000
9520000,	 210,		3162064897000
9520000,	 212,		3178446073000
9520000,	 214,		3219528777000
9520000,	 216,		3170962835000
9520000,	 218,		3196446467000
9520000,	 220,		3192023239000
9520000,	 222,		3192979183000
9520000,	 224,		3195705266000
9520000,	 226,		3202214576000
9520000,	 228,		3204940658000
9520000,	 230,		3218614441000
9520000,	 232,		3220811950000
9520000,	 234,		3221555620000
9520000,	 236,		3228234891000
9520000,	 238,		3242753544000
9520000,	 240,		3239002757000
9520000,	 242,		3240588123000
9520000,	 244,		3253831712000
9520000,	 246,		3260931656000
9520000,	 248,		3267758675000
9520000,	 250,		3267395127000
9520000,	 252,		3276179169000
9520000,	 254,		3275644954000
9520000,	 256,		3284561934000
9520000,	 258,		3293670736000
9520000,	 260,		3306831461000
9520000,	 262,		3305846954000
9520000,	 264,		3307819141000
9520000,	 266,		3318124021000
9520000,	 268,		3329131314000
9520000,	 270,		3331493143000
9520000,	 272,		3333783037000
9520000,	 274,		3358694019000
9520000,	 276,		3344484259000
9520000,	 278,		3359581556000
9520000,	 280,		3362130272000
9520000,	 282,		3366090161000
9520000,	 284,		3371057829000
9520000,	 286,		3380550633000
9520000,	 288,		3388557508000
9520000,	 290,		3388654477000
9520000,	 292,		3399050685000
9520000,	 294,		3400778155000
9520000,	 296,		3408439112000
9520000,	 298,		3414167023000
9520000,	 300,		3419683364000